Participant_ID,Age,Gender,Site,Block_Number,Trial_Number,Trial_Type,SOA,Side,Response,Reaction_Time,Adjusted_RT,AV_Sync_Correction,Timestamp,Experiment
008,30,f,vandy,1,1,audiovisual,-200,,2,7.309389800066128,7.289389800066129,-20.0,73.64419610006735,sj
008,30,f,vandy,1,2,audiovisual,-50,,1,0.8014562998432666,0.7814562998432666,-20.0,82.54148819996044,sj
008,30,f,vandy,1,3,audiovisual,250,,2,1.5081374999135733,1.4881374999135732,-20.0,84.71755189984106,sj
008,30,f,vandy,1,4,audiovisual,100,,1,1.3600436998531222,1.3400436998531222,-20.0,87.55782940005884,sj
008,30,f,vandy,1,5,audiovisual,0,,1,0.8771804000716656,0.8571804000716656,-20.0,90.22403889987618,sj
008,30,f,vandy,1,6,audiovisual,0,,1,0.8375927000306547,0.8175927000306547,-20.0,92.478395299986,sj
008,30,f,vandy,1,7,audiovisual,0,,1,0.6667645000852644,0.6467645000852644,-20.0,94.74503899994306,sj
008,30,f,vandy,1,8,audiovisual,-50,,1,0.9200695999898016,0.9000695999898016,-20.0,96.96009389986284,sj
008,30,f,vandy,1,9,audiovisual,50,,1,0.760134199867025,0.740134199867025,-20.0,99.08034350001253,sj
008,30,f,vandy,1,10,audiovisual,0,,1,1.040250000078231,1.020250000078231,-20.0,101.82871329993941,sj
008,30,f,vandy,1,11,audiovisual,-200,,2,0.9339630999602377,0.9139630999602377,-20.0,104.50955529999919,sj
008,30,f,vandy,1,12,audiovisual,-250,,2,0.8666974999941885,0.8466974999941885,-20.0,106.8839562998619,sj
008,30,f,vandy,1,13,audiovisual,-200,,1,1.787437700200826,1.767437700200826,-20.0,109.01770259998739,sj
008,30,f,vandy,1,14,audiovisual,0,,1,1.1469205999746919,1.1269205999746919,-20.0,112.49918990000151,sj
008,30,f,vandy,1,15,audiovisual,0,,1,1.670434399973601,1.650434399973601,-20.0,114.7265625,sj
008,30,f,vandy,1,16,audiovisual,0,,1,0.8524978999048471,0.8324978999048471,-20.0,117.91736959991977,sj
008,30,f,vandy,1,17,audiovisual,0,,1,0.8534772000275552,0.8334772000275552,-20.0,120.64838959998451,sj
008,30,f,vandy,1,18,audiovisual,1000,,2,1.8271581998560578,1.8071581998560577,-20.0,122.70232739998028,sj
008,30,f,vandy,1,19,audiovisual,-100,,1,0.8387645001057535,0.8187645001057535,-20.0,126.3704987000674,sj
008,30,f,vandy,1,20,audiovisual,-250,,1,1.107823999831453,1.087823999831453,-20.0,128.96994860004634,sj
008,30,f,vandy,1,21,audiovisual,150,,1,1.3346440999303013,1.3146440999303013,-20.0,131.21139419986866,sj
008,30,f,vandy,1,22,audiovisual,-150,,1,1.241046099923551,1.221046099923551,-20.0,134.12042599986307,sj
008,30,f,vandy,1,23,audiovisual,0,,1,1.5475745000876486,1.5275745000876486,-20.0,137.24230529996566,sj
008,30,f,vandy,1,24,audiovisual,0,,1,1.3345063999295235,1.3145063999295235,-20.0,140.76129499985836,sj
008,30,f,vandy,1,25,audiovisual,300,,2,0.9335969001986086,0.9135969001986086,-20.0,143.3630889998749,sj
008,30,f,vandy,1,26,audiovisual,-250,,2,0.9335342000704259,0.9135342000704259,-20.0,145.43092800001614,sj
008,30,f,vandy,1,27,audiovisual,0,,1,1.2133985001128167,1.1933985001128167,-20.0,148.08524319995195,sj
008,30,f,vandy,1,28,audiovisual,-50,,1,1.039407700067386,1.019407700067386,-20.0,151.1391499999445,sj
008,30,f,vandy,1,29,audiovisual,0,,1,0.8936205001082271,0.8736205001082271,-20.0,153.78085909993388,sj
008,30,f,vandy,1,30,audiovisual,0,,1,1.4805536998901516,1.4605536998901516,-20.0,155.8214376999531,sj
008,30,f,vandy,1,31,audiovisual,0,,1,1.4143823999911547,1.3943823999911547,-20.0,158.8493375000544,sj
008,30,f,vandy,1,32,audiovisual,-50,,1,1.12119169998914,1.10119169998914,-20.0,162.1422546999529,sj
008,30,f,vandy,1,33,audiovisual,-50,,1,0.9870346998795867,0.9670346998795867,-20.0,164.556825599866,sj
008,30,f,vandy,1,34,audiovisual,0,,1,0.836657099891454,0.816657099891454,-20.0,166.86566959996708,sj
008,30,f,vandy,1,35,audiovisual,-250,,2,0.9853135999292135,0.9653135999292135,-20.0,169.10675689997151,sj
008,30,f,vandy,1,36,audiovisual,100,,1,0.8000056999735534,0.7800056999735534,-20.0,171.52061280002818,sj
008,30,f,vandy,1,37,audiovisual,150,,2,0.9870410000439733,0.9670410000439733,-20.0,173.8274087999016,sj
008,30,f,vandy,1,38,audiovisual,0,,1,0.7346036999952048,0.7146036999952048,-20.0,176.20220050006174,sj
008,30,f,vandy,1,39,audiovisual,200,,2,0.7340687999967486,0.7140687999967485,-20.0,178.01722229993902,sj
008,30,f,vandy,1,40,audiovisual,200,,2,2.989442199934274,2.969442199934274,-20.0,180.5890390998684,sj
008,30,f,vandy,1,41,audiovisual,0,,1,0.7469506999477744,0.7269506999477744,-20.0,184.71185890003107,sj
008,30,f,vandy,1,42,audiovisual,-200,,2,1.4403415999840945,1.4203415999840945,-20.0,187.4196937000379,sj
008,30,f,vandy,1,43,audiovisual,150,,1,1.2135043998714536,1.1935043998714536,-20.0,190.64703579992056,sj
008,30,f,vandy,1,44,audiovisual,0,,1,0.7344058000016958,0.7144058000016957,-20.0,193.1415591998957,sj
008,30,f,vandy,1,45,audiovisual,0,,1,4.348087000194937,4.328087000194937,-20.0,195.34274300001562,sj
008,30,f,vandy,1,46,audiovisual,300,,1,1.5075676999986172,1.4875676999986172,-20.0,201.02450169995427,sj
008,30,f,vandy,1,47,audiovisual,150,,2,0.8396236000116915,0.8196236000116914,-20.0,203.5852779999841,sj
008,30,f,vandy,1,48,audiovisual,200,,1,1.0135894000995904,0.9935894000995904,-20.0,205.50609109993093,sj
008,30,f,vandy,1,49,audiovisual,100,,1,0.5894377001095563,0.5694377001095563,-20.0,208.30719859991223,sj
008,30,f,vandy,1,50,audiovisual,0,,1,0.7471026000566781,0.727102600056678,-20.0,210.33747699996457,sj
008,30,f,vandy,1,51,audiovisual,250,,2,0.784357100026682,0.764357100026682,-20.0,274.9166300999932,sj
008,30,f,vandy,1,52,audiovisual,300,,2,1.1377616000827402,1.1177616000827402,-20.0,277.17204719991423,sj
008,30,f,vandy,1,53,audiovisual,200,,2,0.8667621999047697,0.8467621999047696,-20.0,279.93680699984543,sj
008,30,f,vandy,1,54,audiovisual,250,,2,0.8363673000130802,0.8163673000130802,-20.0,282.78750659991056,sj
008,30,f,vandy,1,55,audiovisual,0,,1,0.7066684998571873,0.6866684998571873,-20.0,285.108404800063,sj
008,30,f,vandy,1,56,audiovisual,0,,1,0.6101337999571115,0.5901337999571115,-20.0,287.08238789997995,sj
008,30,f,vandy,1,57,audiovisual,0,,1,0.8533743999432772,0.8333743999432772,-20.0,289.0564894999843,sj
008,30,f,vandy,1,58,audiovisual,0,,1,0.5472949999384582,0.5272949999384582,-20.0,291.9367583000567,sj
008,30,f,vandy,1,59,audiovisual,0,,1,0.5734091000631452,0.5534091000631451,-20.0,294.27196459984407,sj
008,30,f,vandy,1,60,audiovisual,0,,1,0.5200051998253912,0.5000051998253912,-20.0,296.09889819985256,sj
008,30,f,vandy,1,61,audiovisual,-150,,1,0.8534333999268711,0.833433399926871,-20.0,297.8593418998644,sj
008,30,f,vandy,1,62,audiovisual,0,,1,0.5999980999622494,0.5799980999622494,-20.0,300.10038249986246,sj
008,30,f,vandy,1,63,audiovisual,300,,2,0.7576401999685913,0.7376401999685913,-20.0,302.14102149987593,sj
008,30,f,vandy,1,64,audiovisual,50,,1,0.9869343000464141,0.9669343000464141,-20.0,304.38224389986135,sj
008,30,f,vandy,1,65,audiovisual,0,,1,0.9847198999486864,0.9647198999486863,-20.0,306.48931159987114,sj
008,30,f,vandy,1,66,audiovisual,-200,,2,0.8004904999397695,0.7804904999397695,-20.0,308.94373179995455,sj
008,30,f,vandy,1,67,audiovisual,0,,1,0.7734688001219183,0.7534688001219183,-20.0,311.09163270005956,sj
008,30,f,vandy,1,68,audiovisual,0,,1,0.7892789000179619,0.7692789000179618,-20.0,313.3719407999888,sj
008,30,f,vandy,1,69,audiovisual,300,,2,0.6803622001316398,0.6603622001316398,-20.0,315.3747292999178,sj
008,30,f,vandy,1,70,audiovisual,-200,,2,0.7582953998353332,0.7382953998353332,-20.0,317.6268827000167,sj
008,30,f,vandy,1,71,audiovisual,0,,1,1.2137724000494927,1.1937724000494927,-20.0,319.81538229994476,sj
008,30,f,vandy,1,72,audiovisual,0,,1,0.8533396997954696,0.8333396997954696,-20.0,322.9487610999495,sj
008,30,f,vandy,1,73,audiovisual,0,,1,0.8001959000248462,0.7801959000248462,-20.0,325.3223152998835,sj
008,30,f,vandy,1,74,audiovisual,100,,2,1.1970848999917507,1.1770848999917507,-20.0,327.28366269986145,sj
008,30,f,vandy,1,75,audiovisual,-250,,2,0.9590938000474125,0.9390938000474125,-20.0,330.0312783999834,sj
008,30,f,vandy,1,76,audiovisual,50,,1,0.8798318998888135,0.8598318998888135,-20.0,332.8988174998667,sj
008,30,f,vandy,1,77,audiovisual,0,,1,0.7893262999132276,0.7693262999132275,-20.0,335.1660163998604,sj
008,30,f,vandy,1,78,audiovisual,0,,1,0.6541758000385016,0.6341758000385016,-20.0,337.6364235000219,sj
008,30,f,vandy,1,79,audiovisual,50,,1,0.5336696000304073,0.5136696000304073,-20.0,339.38142640003935,sj
008,30,f,vandy,1,80,audiovisual,-50,,1,0.6142078000120819,0.5942078000120818,-20.0,341.9269067000132,sj
008,30,f,vandy,1,81,audiovisual,0,,1,0.5470393998548388,0.5270393998548388,-20.0,343.87521849991754,sj
008,30,f,vandy,1,82,audiovisual,-200,,2,0.6666772000025958,0.6466772000025958,-20.0,346.0768362998497,sj
008,30,f,vandy,1,83,audiovisual,0,,1,0.6128683001734316,0.5928683001734316,-20.0,348.21075009997,sj
008,30,f,vandy,1,84,audiovisual,0,,1,1.2971906000748277,1.2771906000748277,-20.0,350.2379810998682,sj
008,30,f,vandy,1,85,audiovisual,100,,1,0.7203943999484181,0.7003943999484181,-20.0,352.816368999891,sj
008,30,f,vandy,1,86,audiovisual,-250,,2,1.293985400116071,1.273985400116071,-20.0,354.6662830999121,sj
008,30,f,vandy,1,87,audiovisual,0,,1,0.8405937999486923,0.8205937999486923,-20.0,357.9616825999692,sj
008,30,f,vandy,1,88,audiovisual,-200,,1,0.667846999829635,0.647846999829635,-20.0,360.6410644999705,sj
008,30,f,vandy,1,89,audiovisual,0,,1,0.8386468000244349,0.8186468000244349,-20.0,362.52212069998495,sj
008,30,f,vandy,1,90,audiovisual,-100,,1,0.918778499821201,0.898778499821201,-20.0,364.69696670002304,sj
008,30,f,vandy,1,91,audiovisual,50,,1,0.6934619001112878,0.6734619001112878,-20.0,366.87145269988105,sj
008,30,f,vandy,1,92,audiovisual,0,,1,1.2402687999419868,1.2202687999419868,-20.0,369.29870559996925,sj
008,30,f,vandy,1,93,audiovisual,0,,1,0.6404107001144439,0.6204107001144439,-20.0,371.8063582999166,sj
008,30,f,vandy,1,94,audiovisual,0,,1,0.6009066000115126,0.5809066000115126,-20.0,373.7007778000552,sj
008,30,f,vandy,1,95,audiovisual,250,,2,0.6270693999249488,0.6070693999249488,-20.0,375.4217155999504,sj
008,30,f,vandy,1,96,audiovisual,0,,2,0.5875121999997646,0.5675121999997645,-20.0,377.9936279000249,sj
008,30,f,vandy,1,97,audiovisual,0,,1,0.8537636999972165,0.8337636999972164,-20.0,380.0483876999933,sj
008,30,f,vandy,1,98,audiovisual,50,,1,0.6388173000887036,0.6188173000887036,-20.0,382.66338469996117,sj
008,30,f,vandy,1,99,audiovisual,50,,1,0.6006533999461681,0.580653399946168,-20.0,385.00941860000603,sj
008,30,f,vandy,1,100,audiovisual,250,,2,0.6004551998339593,0.5804551998339593,-20.0,386.71729790000245,sj
008,30,f,vandy,1,101,audiovisual,-300,,2,0.705813999986276,0.685813999986276,-20.0,449.4731795999687,sj
008,30,f,vandy,1,102,audiovisual,300,,2,0.7735830000601709,0.7535830000601709,-20.0,452.1418667000253,sj
008,30,f,vandy,1,103,audiovisual,150,,1,0.6537403999827802,0.6337403999827802,-20.0,454.12962000002153,sj
008,30,f,vandy,1,104,audiovisual,-250,,2,0.582618199987337,0.562618199987337,-20.0,456.117254300043,sj
008,30,f,vandy,1,105,audiovisual,0,,1,0.7471388999838382,0.7271388999838382,-20.0,458.1709918999113,sj
008,30,f,vandy,1,106,audiovisual,200,,1,0.6545516999904066,0.6345516999904066,-20.0,460.75691709993407,sj
008,30,f,vandy,1,107,audiovisual,0,,1,0.9072944999206811,0.8872944999206811,-20.0,462.82550729997456,sj
008,30,f,vandy,1,108,audiovisual,0,,1,0.6937245998997241,0.6737245998997241,-20.0,465.42683769995347,sj
008,30,f,vandy,1,109,audiovisual,0,,1,0.5863623998593539,0.5663623998593539,-20.0,468.0412870000582,sj
008,30,f,vandy,1,110,audiovisual,0,,1,0.5736114999745041,0.5536114999745041,-20.0,470.34822449996136,sj
008,30,f,vandy,1,111,audiovisual,0,,1,0.5201010999735445,0.5001010999735445,-20.0,472.92306729988195,sj
008,30,f,vandy,1,112,audiovisual,-250,,2,0.7567565999925137,0.7367565999925136,-20.0,474.8038035999052,sj
008,30,f,vandy,1,113,audiovisual,300,,2,0.9066310999915004,0.8866310999915004,-20.0,477.2442937998567,sj
008,30,f,vandy,1,114,audiovisual,250,,1,1.3565593999810517,1.3365593999810517,-20.0,480.1557340999134,sj
008,30,f,vandy,1,115,audiovisual,200,,1,0.787852399982512,0.767852399982512,-20.0,483.47392739984207,sj
008,30,f,vandy,1,116,audiovisual,0,,1,0.6001995000988245,0.5801995000988245,-20.0,485.75490770000033,sj
008,30,f,vandy,1,117,audiovisual,-150,,1,0.6802435000427067,0.6602435000427067,-20.0,487.70162039995193,sj
008,30,f,vandy,1,118,audiovisual,0,,1,0.543125499971211,0.5231254999712109,-20.0,489.9828067999333,sj
008,30,f,vandy,1,119,audiovisual,-300,,2,0.6799910999834538,0.6599910999834537,-20.0,492.2499257000163,sj
008,30,f,vandy,1,120,audiovisual,0,,1,0.8689442002214491,0.8489442002214491,-20.0,494.3704031999223,sj
008,30,f,vandy,1,121,audiovisual,0,,1,0.8302288001868874,0.8102288001868874,-20.0,496.97386080003344,sj
008,30,f,vandy,1,122,audiovisual,0,,1,0.7067619999870658,0.6867619999870658,-20.0,498.93601609999314,sj
008,30,f,vandy,1,123,audiovisual,0,,1,0.6267903000116348,0.6067903000116348,-20.0,501.49324820004404,sj
008,30,f,vandy,1,124,audiovisual,0,,1,0.573189799906686,0.5531897999066859,-20.0,504.06760709988885,sj
008,30,f,vandy,1,125,audiovisual,0,,1,0.5873256002087146,0.5673256002087146,-20.0,505.72124499990605,sj
008,30,f,vandy,1,126,audiovisual,150,,1,0.5744327001739293,0.5544327001739293,-20.0,508.05443360004574,sj
008,30,f,vandy,1,127,audiovisual,0,,1,1.3471004001330584,1.3271004001330584,-20.0,510.1092417999171,sj
008,30,f,vandy,1,128,audiovisual,-100,,1,0.6678595000412315,0.6478595000412315,-20.0,513.457427599933,sj
008,30,f,vandy,1,129,audiovisual,0,,1,0.5605259998701513,0.5405259998701513,-20.0,515.6324000000022,sj
008,30,f,vandy,1,130,audiovisual,100,,1,0.600623199949041,0.580623199949041,-20.0,517.5390375000425,sj
008,30,f,vandy,1,131,audiovisual,-250,,2,0.6419935999438167,0.6219935999438166,-20.0,519.2997707000468,sj
008,30,f,vandy,1,132,audiovisual,0,,1,0.9335849999915808,0.9135849999915808,-20.0,521.1155055998825,sj
008,30,f,vandy,1,133,audiovisual,-100,,1,0.7200996999163181,0.700099699916318,-20.0,523.9015692998655,sj
008,30,f,vandy,1,134,audiovisual,-150,,1,0.7066267000045627,0.6866267000045627,-20.0,526.6359137999825,sj
008,30,f,vandy,1,135,audiovisual,0,,1,0.6534762000665069,0.6334762000665068,-20.0,528.636527299881,sj
008,30,f,vandy,1,136,audiovisual,-100,,1,0.6532765999436378,0.6332765999436378,-20.0,531.1707001999021,sj
008,30,f,vandy,1,137,audiovisual,50,,1,0.6786929001100361,0.6586929001100361,-20.0,532.9181572999805,sj
008,30,f,vandy,1,138,audiovisual,150,,1,0.6533357000444084,0.6333357000444084,-20.0,535.0258027999662,sj
008,30,f,vandy,1,139,audiovisual,200,,2,0.9467805998865515,0.9267805998865515,-20.0,536.7860091999173,sj
008,30,f,vandy,1,140,audiovisual,-100,,1,0.9603254999965429,0.9403254999965429,-20.0,538.9598954999819,sj
008,30,f,vandy,1,141,audiovisual,-200,,1,2.117486100178212,2.097486100178212,-20.0,541.5882166000083,sj
008,30,f,vandy,1,142,audiovisual,0,,1,0.6249357999768108,0.6049357999768108,-20.0,544.9218955000397,sj
008,30,f,vandy,1,143,audiovisual,-50,,1,0.5161681000608951,0.49616810006089507,-20.0,546.8300886000507,sj
008,30,f,vandy,1,144,audiovisual,-100,,1,0.5638731999788433,0.5438731999788433,-20.0,549.337316500023,sj
008,30,f,vandy,1,145,audiovisual,100,,1,0.5066653999965638,0.4866653999965638,-20.0,551.7555149998516,sj
008,30,f,vandy,1,146,audiovisual,0,,1,0.4799211001954973,0.45992110019549726,-20.0,553.6585742000025,sj
008,30,f,vandy,1,147,audiovisual,-1000,,2,1.4137344998307526,1.3937344998307526,-20.0,555.2460572998971,sj
008,30,f,vandy,1,148,audiovisual,0,,1,0.6930861999280751,0.6730861999280751,-20.0,558.0470276998822,sj
008,30,f,vandy,1,149,audiovisual,-300,,2,1.1340292999520898,1.1140292999520898,-20.0,560.6214423000347,sj
008,30,f,vandy,1,150,audiovisual,0,,1,1.451816599816084,1.431816599816084,-20.0,563.463080199901,sj
008,30,f,vandy,1,151,audiovisual,150,,1,0.6686677997931838,0.6486677997931838,-20.0,627.9913504999131,sj
008,30,f,vandy,1,152,audiovisual,-150,,2,0.7209999000187963,0.7009999000187963,-20.0,630.2357173999771,sj
008,30,f,vandy,1,153,audiovisual,0,,1,0.5603930000215769,0.5403930000215769,-20.0,632.3150265000295,sj
008,30,f,vandy,1,154,audiovisual,150,,1,0.5076793001499027,0.4876793001499027,-20.0,634.6999844000675,sj
008,30,f,vandy,1,155,audiovisual,300,,1,0.6411696998402476,0.6211696998402476,-20.0,636.7413292999845,sj
008,30,f,vandy,1,156,audiovisual,300,,1,0.8934924998320639,0.8734924998320639,-20.0,638.8233053998556,sj
008,30,f,vandy,1,157,audiovisual,0,,1,0.6136207999661565,0.5936207999661565,-20.0,640.8104409000371,sj
008,30,f,vandy,1,158,audiovisual,250,,1,0.642661300022155,0.622661300022155,-20.0,643.3579819998704,sj
008,30,f,vandy,1,159,audiovisual,100,,1,0.6266493001021445,0.6066493001021445,-20.0,645.8145459999796,sj
008,30,f,vandy,1,160,audiovisual,0,,1,0.45352760003879666,0.43352760003879665,-20.0,647.7063014998566,sj
008,30,f,vandy,1,161,audiovisual,100,,1,0.5466662000399083,0.5266662000399083,-20.0,650.1473111999221,sj
008,30,f,vandy,1,162,audiovisual,-300,,2,0.6668740999884903,0.6468740999884903,-20.0,652.627882800065,sj
008,30,f,vandy,1,163,audiovisual,-250,,2,0.6935890999156982,0.6735890999156982,-20.0,655.0018591999542,sj
008,30,f,vandy,1,164,audiovisual,-300,,2,1.5738148000091314,1.5538148000091314,-20.0,656.9494049998466,sj
008,30,f,vandy,1,165,audiovisual,-50,,1,0.9098505999427289,0.8898505999427289,-20.0,659.9639323998708,sj
008,30,f,vandy,1,166,audiovisual,-1000,,2,1.8002677001059055,1.7802677001059055,-20.0,662.114578000037,sj
008,30,f,vandy,1,167,audiovisual,0,,1,0.6918474000412971,0.6718474000412971,-20.0,665.9392782000359,sj
008,30,f,vandy,1,168,audiovisual,0,,1,1.0941345000173897,1.0741345000173896,-20.0,668.2720939000137,sj
008,30,f,vandy,1,169,audiovisual,0,,1,0.6528737999033183,0.6328737999033183,-20.0,671.3275442000013,sj
008,30,f,vandy,1,170,audiovisual,0,,1,0.45184309990145266,0.43184309990145264,-20.0,673.3952786999289,sj
008,30,f,vandy,1,171,audiovisual,50,,1,0.8142341000493616,0.7942341000493616,-20.0,674.9293344998732,sj
008,30,f,vandy,1,172,audiovisual,200,,1,0.9475061998236924,0.9275061998236924,-20.0,677.6619255999103,sj
008,30,f,vandy,1,173,audiovisual,0,,1,0.8829206998925656,0.8629206998925656,-20.0,680.1040953998454,sj
008,30,f,vandy,1,174,audiovisual,-300,,2,0.7739661999512464,0.7539661999512464,-20.0,682.4550109999254,sj
008,30,f,vandy,1,175,audiovisual,300,,1,3.7881440001074225,3.7681440001074225,-20.0,684.4268642999232,sj
008,30,f,vandy,1,176,audiovisual,-50,,1,0.9338270998559892,0.9138270998559892,-20.0,689.8021484999917,sj
008,30,f,vandy,1,177,audiovisual,0,,1,0.6413302000146359,0.6213302000146359,-20.0,692.5874815999996,sj
008,30,f,vandy,1,178,audiovisual,0,,1,0.4812231999821961,0.4612231999821961,-20.0,694.2693451999221,sj
008,30,f,vandy,1,179,audiovisual,50,,1,0.5071024999488145,0.4871024999488145,-20.0,695.9110588999465,sj
008,30,f,vandy,1,180,audiovisual,0,,1,0.40030350000597537,0.38030350000597535,-20.0,698.429780599894,sj
008,30,f,vandy,1,181,audiovisual,-100,,1,0.4538308000192046,0.4338308000192046,-20.0,700.5781097998843,sj
008,30,f,vandy,1,182,audiovisual,-150,,1,0.4144196999259293,0.3944196999259293,-20.0,703.0198655999266,sj
008,30,f,vandy,1,183,audiovisual,0,,1,0.5284325999673456,0.5084325999673456,-20.0,704.6348687000573,sj
008,30,f,vandy,1,184,audiovisual,200,,1,0.6271703001111746,0.6071703001111746,-20.0,707.0997593000066,sj
008,30,f,vandy,1,185,audiovisual,0,,1,0.5605836000759155,0.5405836000759154,-20.0,709.167406699853,sj
008,30,f,vandy,1,186,audiovisual,0,,1,0.5734763001091778,0.5534763001091778,-20.0,711.275474099908,sj
008,30,f,vandy,1,187,audiovisual,0,,1,0.4934829999692738,0.4734829999692738,-20.0,713.4363891999237,sj
008,30,f,vandy,1,188,audiovisual,0,,1,0.5763294000644237,0.5563294000644237,-20.0,715.5039786999114,sj
008,30,f,vandy,1,189,audiovisual,-300,,1,0.7334684000816196,0.7134684000816196,-20.0,717.65478360001,sj
008,30,f,vandy,1,190,audiovisual,-300,,2,1.9209235000889748,1.9009235000889748,-20.0,720.3861843999475,sj
008,30,f,vandy,1,191,audiovisual,-50,,1,0.6405879999510944,0.6205879999510944,-20.0,724.2256066999398,sj
008,30,f,vandy,1,192,audiovisual,150,,1,0.6539416001178324,0.6339416001178324,-20.0,726.427825700026,sj
008,30,f,vandy,1,193,audiovisual,0,,1,0.6001742999069393,0.5801742999069393,-20.0,728.1090116999112,sj
008,30,f,vandy,1,194,audiovisual,-100,,1,0.46669809985905886,0.44669809985905884,-20.0,730.4430350998882,sj
008,30,f,vandy,1,195,audiovisual,0,,1,0.37337899999693036,0.35337899999693034,-20.0,732.2704316000454,sj
008,30,f,vandy,1,196,audiovisual,0,,1,0.3867464999202639,0.36674649992026387,-20.0,734.1776516998652,sj
008,30,f,vandy,1,197,audiovisual,150,,1,0.48018080019392073,0.4601808001939207,-20.0,736.1649803000037,sj
008,30,f,vandy,1,198,audiovisual,200,,1,0.62401849986054,0.60401849986054,-20.0,737.7144019999541,sj
008,30,f,vandy,1,199,audiovisual,0,,1,0.546921500004828,0.526921500004828,-20.0,739.5256560000125,sj
008,30,f,vandy,1,200,audiovisual,-150,,2,0.8673233001027256,0.8473233001027256,-20.0,741.4867128999904,sj
008,30,f,vandy,1,201,audiovisual,0,,1,0.6402980000711977,0.6202980000711977,-20.0,806.1131674998906,sj
008,30,f,vandy,1,202,audiovisual,250,,1,0.6000304999761283,0.5800304999761283,-20.0,808.404956500046,sj
008,30,f,vandy,1,203,audiovisual,0,,1,0.4815986000467092,0.46159860004670916,-20.0,810.4051341000013,sj
008,30,f,vandy,1,204,audiovisual,1000,,2,1.3601524999830872,1.3401524999830872,-20.0,812.1542205000296,sj
008,30,f,vandy,1,205,audiovisual,0,,1,0.6001649999525398,0.5801649999525398,-20.0,814.5795362999197,sj
008,30,f,vandy,1,206,audiovisual,0,,1,0.5335358998272568,0.5135358998272568,-20.0,816.6876554000191,sj
008,30,f,vandy,1,207,audiovisual,0,,1,0.5465241998899728,0.5265241998899728,-20.0,818.5951417000033,sj
008,30,f,vandy,1,208,audiovisual,300,,1,0.880291499895975,0.860291499895975,-20.0,820.6887252999004,sj
008,30,f,vandy,1,209,audiovisual,0,,1,0.46838230011053383,0.4483823001105338,-20.0,822.7297237999737,sj
008,30,f,vandy,1,210,audiovisual,-150,,2,0.7829383998177946,0.7629383998177945,-20.0,824.5719166998751,sj
008,30,f,vandy,1,211,audiovisual,0,,1,0.47989300009794533,0.4598930000979453,-20.0,827.091254199855,sj
008,30,f,vandy,1,212,audiovisual,0,,1,0.5065955000463873,0.4865955000463873,-20.0,828.8917385998648,sj
008,30,f,vandy,1,213,audiovisual,0,,1,0.3603179999627173,0.3403179999627173,-20.0,831.2923532999121,sj
008,30,f,vandy,1,214,audiovisual,150,,1,0.40000670007430017,0.38000670007430015,-20.0,832.8802733998746,sj
008,30,f,vandy,1,215,audiovisual,250,,1,0.3334143999963999,0.31341439999639986,-20.0,834.4940474999603,sj
008,30,f,vandy,1,216,audiovisual,0,,1,1.0004305001348257,0.9804305001348257,-20.0,836.1849972999189,sj
008,30,f,vandy,1,217,audiovisual,-200,,2,0.9190845999401063,0.8990845999401063,-20.0,838.3491819999181,sj
008,30,f,vandy,1,218,audiovisual,0,,1,0.5999020000454038,0.5799020000454038,-20.0,841.0830135999713,sj
008,30,f,vandy,1,219,audiovisual,0,,1,0.5839106999337673,0.5639106999337673,-20.0,843.5239448999055,sj
008,30,f,vandy,1,220,audiovisual,0,,1,0.5351690999232233,0.5151690999232232,-20.0,845.8977401999291,sj
008,30,f,vandy,1,221,audiovisual,-100,,1,0.5725938000250608,0.5525938000250608,-20.0,847.9136254000477,sj
008,30,f,vandy,1,222,audiovisual,0,,1,0.3868069997988641,0.3668069997988641,-20.0,849.9932607000228,sj
008,30,f,vandy,1,223,audiovisual,0,,1,0.3591823000460863,0.3391823000460863,-20.0,851.5800614999607,sj
008,30,f,vandy,1,224,audiovisual,-150,,1,0.5561695999931544,0.5361695999931544,-20.0,852.9940949999727,sj
008,30,f,vandy,1,225,audiovisual,250,,2,1.0407357001677155,1.0207357001677155,-20.0,855.3535042998847,sj
008,30,f,vandy,1,226,audiovisual,0,,1,0.6404472000431269,0.6204472000431269,-20.0,857.7944465000182,sj
008,30,f,vandy,1,227,audiovisual,-200,,1,0.8572194001171738,0.8372194001171738,-20.0,859.5293743999209,sj
008,30,f,vandy,1,228,audiovisual,0,,1,0.5206379999872297,0.5006379999872297,-20.0,861.4137061999645,sj
008,30,f,vandy,1,229,audiovisual,100,,1,0.5067111998796463,0.4867111998796463,-20.0,863.1982761998661,sj
008,30,f,vandy,1,230,audiovisual,-150,,1,0.5069848999846727,0.48698489998467265,-20.0,865.0381032000296,sj
008,30,f,vandy,1,231,audiovisual,0,,1,0.4401899999938905,0.4201899999938905,-20.0,866.7459596998524,sj
008,30,f,vandy,1,232,audiovisual,0,,1,0.5066235999111086,0.4866235999111086,-20.0,868.8537275998387,sj
008,30,f,vandy,1,233,audiovisual,0,,1,0.5603710000868887,0.5403710000868887,-20.0,870.7064960999414,sj
008,30,f,vandy,1,234,audiovisual,50,,1,0.5333478001412004,0.5133478001412004,-20.0,873.254471299937,sj
008,30,f,vandy,1,235,audiovisual,200,,1,3.2379985998850316,3.2179985998850316,-20.0,875.5890164000448,sj
008,30,f,vandy,1,236,audiovisual,300,,2,1.1755425999872386,1.1555425999872386,-20.0,880.4172670999542,sj
008,30,f,vandy,1,237,audiovisual,50,,1,0.6815993001218885,0.6615993001218885,-20.0,883.233865399845,sj
008,30,f,vandy,1,238,audiovisual,0,,1,0.49305110005661845,0.47305110005661843,-20.0,885.3536598999053,sj
008,30,f,vandy,1,239,audiovisual,0,,1,0.6667043999768794,0.6467043999768793,-20.0,887.0057510000188,sj
008,30,f,vandy,1,240,audiovisual,0,,1,0.533979499945417,0.513979499945417,-20.0,888.9135157000273,sj
008,30,f,vandy,1,241,audiovisual,300,,2,1.3737209001556039,1.3537209001556039,-20.0,891.195162900025,sj
008,30,f,vandy,1,242,audiovisual,200,,1,0.6365636000409722,0.6165636000409722,-20.0,894.0616071000695,sj
008,30,f,vandy,1,243,audiovisual,0,,1,1.7870904000010341,1.7670904000010341,-20.0,896.5568993999623,sj
008,30,f,vandy,1,244,audiovisual,-250,,2,0.800121899927035,0.780121899927035,-20.0,900.037637299858,sj
008,30,f,vandy,1,245,audiovisual,-1000,,2,1.7205533999949694,1.7005533999949694,-20.0,902.1848520999774,sj
008,30,f,vandy,1,246,audiovisual,-150,,1,0.759925700025633,0.739925700025633,-20.0,905.1726541998796,sj
008,30,f,vandy,1,247,audiovisual,0,,1,0.36001219996251166,0.34001219996251164,-20.0,907.0664333000313,sj
008,30,f,vandy,1,248,audiovisual,0,,1,0.3867617999203503,0.3667617999203503,-20.0,908.5211422999855,sj
008,30,f,vandy,1,249,audiovisual,0,,1,0.34587920014746487,0.32587920014746485,-20.0,910.5084152999334,sj
008,30,f,vandy,1,250,audiovisual,0,,1,0.33359209983609617,0.31359209983609615,-20.0,912.0023443000391,sj
008,30,f,vandy,1,251,audiovisual,-300,,2,0.8667123999912292,0.8467123999912292,-20.0,974.1321874000132,sj
008,30,f,vandy,1,252,audiovisual,0,,1,0.6939610000699759,0.6739610000699758,-20.0,976.6920773000456,sj
008,30,f,vandy,1,253,audiovisual,0,,1,0.4405328999273479,0.4205328999273479,-20.0,979.0134635998402,sj
008,30,f,vandy,1,254,audiovisual,0,,1,0.41320199985057116,0.39320199985057114,-20.0,980.4936530999839,sj
008,30,f,vandy,1,255,audiovisual,0,,1,0.3471741999965161,0.3271741999965161,-20.0,982.333710799925,sj
008,30,f,vandy,1,256,audiovisual,-50,,1,2.0275701000355184,2.0075701000355184,-20.0,983.9747416998725,sj
008,30,f,vandy,1,257,audiovisual,0,,1,1.8150467998348176,1.7950467998348176,-20.0,987.9477045999374,sj
008,30,f,vandy,1,258,audiovisual,0,,1,0.5600974999833852,0.5400974999833852,-20.0,991.5775992998388,sj
008,30,f,vandy,1,259,audiovisual,250,,2,0.8267624001018703,0.8067624001018703,-20.0,993.3381924000569,sj
008,30,f,vandy,1,260,audiovisual,150,,1,0.6372251999564469,0.6172251999564469,-20.0,996.005353000015,sj
008,30,f,vandy,1,261,audiovisual,0,,1,0.5067505999468267,0.4867505999468267,-20.0,997.9400233000051,sj
008,30,f,vandy,1,262,audiovisual,0,,1,0.4400486999657005,0.4200486999657005,-20.0,999.5934359999374,sj
008,30,f,vandy,1,263,audiovisual,0,,1,0.7069743000902236,0.6869743000902235,-20.0,1001.4746433999389,sj
008,30,f,vandy,1,264,audiovisual,0,,1,0.6572642000392079,0.6372642000392079,-20.0,1003.7288076998666,sj
008,30,f,vandy,1,265,audiovisual,0,,1,0.6436167999636382,0.6236167999636382,-20.0,1005.4531292999163,sj
008,30,f,vandy,1,266,audiovisual,200,,1,0.7469140999019146,0.7269140999019146,-20.0,1007.7332377999555,sj
008,30,f,vandy,1,267,audiovisual,0,,1,0.8669024999253452,0.8469024999253452,-20.0,1009.9973871000111,sj
008,30,f,vandy,1,268,audiovisual,0,,1,1.6944550999905914,1.6744550999905914,-20.0,1012.091466799844,sj
008,30,f,vandy,1,269,audiovisual,100,,1,1.7081450999248773,1.6881450999248773,-20.0,1015.7320409000386,sj
008,30,f,vandy,1,270,audiovisual,0,,1,0.5693674001377076,0.5493674001377076,-20.0,1019.4544335000683,sj
008,30,f,vandy,1,271,audiovisual,0,,1,0.5237114999908954,0.5037114999908954,-20.0,1021.9083004998975,sj
008,30,f,vandy,1,272,audiovisual,-300,,2,0.7064169000368565,0.6864169000368565,-20.0,1023.7531705999281,sj
008,30,f,vandy,1,273,audiovisual,0,,1,0.6800920001696795,0.6600920001696795,-20.0,1026.203051300021,sj
008,30,f,vandy,1,274,audiovisual,0,,1,0.520271300105378,0.500271300105378,-20.0,1028.2043230000418,sj
008,30,f,vandy,1,275,audiovisual,-300,,1,0.626555799972266,0.6065557999722659,-20.0,1030.4985215999186,sj
008,30,f,vandy,1,276,audiovisual,-300,,1,0.9202450001612306,0.9002450001612305,-20.0,1032.6990475999191,sj
008,30,f,vandy,1,277,audiovisual,300,,2,0.7853227998130023,0.7653227998130023,-20.0,1034.7798446000088,sj
008,30,f,vandy,1,278,audiovisual,0,,1,0.4141903000418097,0.39419030004180966,-20.0,1037.3394152000546,sj
008,30,f,vandy,1,279,audiovisual,50,,1,0.44073439994826913,0.4207343999482691,-20.0,1039.2203085999936,sj
008,30,f,vandy,1,280,audiovisual,100,,1,0.44014389999210835,0.4201438999921083,-20.0,1040.781618699897,sj
008,30,f,vandy,1,281,audiovisual,1000,,2,1.349376300117001,1.329376300117001,-20.0,1042.6226712998468,sj
008,30,f,vandy,1,282,audiovisual,0,,1,0.5736654999200255,0.5536654999200255,-20.0,1045.2531413000543,sj
008,30,f,vandy,1,283,audiovisual,0,,1,0.6400433999951929,0.6200433999951929,-20.0,1046.944651799975,sj
008,30,f,vandy,1,284,audiovisual,0,,1,0.7601365000009537,0.7401365000009537,-20.0,1049.3049909998663,sj
008,30,f,vandy,1,285,audiovisual,0,,1,0.5604530000127852,0.5404530000127852,-20.0,1051.7595569998957,sj
008,30,f,vandy,1,286,audiovisual,0,,1,0.39977410016581416,0.37977410016581414,-20.0,1053.8671116000041,sj
008,30,f,vandy,1,287,audiovisual,0,,1,0.32002009986899793,0.3000200998689979,-20.0,1056.2134670000523,sj
008,30,f,vandy,1,288,audiovisual,0,,1,0.39903769991360605,0.37903769991360603,-20.0,1057.908162199892,sj
008,30,f,vandy,1,289,audiovisual,150,,1,0.4409938999451697,0.42099389994516967,-20.0,1059.8829550000373,sj
008,30,f,vandy,1,290,audiovisual,0,,1,0.37479820009320974,0.3547982000932097,-20.0,1061.5527585998643,sj
008,30,f,vandy,1,291,audiovisual,-150,,1,0.45157779986038804,0.431577799860388,-20.0,1063.111955099972,sj
008,30,f,vandy,1,292,audiovisual,0,,1,0.46642179996706545,0.44642179996706544,-20.0,1064.7643508999608,sj
008,30,f,vandy,1,293,audiovisual,100,,1,0.5736263000871986,0.5536263000871986,-20.0,1066.6443942999467,sj
008,30,f,vandy,1,294,audiovisual,0,,1,0.49349729996174574,0.4734972999617457,-20.0,1068.725868599955,sj
008,30,f,vandy,1,295,audiovisual,-300,,2,0.7471572998911142,0.7271572998911142,-20.0,1070.8996987000573,sj
008,30,f,vandy,1,296,audiovisual,-200,,1,0.493916800012812,0.473916800012812,-20.0,1073.6723704999313,sj
008,30,f,vandy,1,297,audiovisual,-250,,1,0.6010346000548452,0.5810346000548452,-20.0,1075.3667577998713,sj
008,30,f,vandy,1,298,audiovisual,50,,1,0.4270383999682963,0.40703839996829627,-20.0,1077.4218706998508,sj
008,30,f,vandy,1,299,audiovisual,-100,,1,0.45388370007276535,0.43388370007276533,-20.0,1079.7945952999871,sj
008,30,f,vandy,1,300,audiovisual,150,,2,0.6558291001711041,0.6358291001711041,-20.0,1081.5822365998756,sj
008,30,f,vandy,1,301,audiovisual,-50,,1,0.4936590997967869,0.4736590997967869,-20.0,1146.2722922998946,sj
008,30,f,vandy,1,302,audiovisual,-100,,1,0.5067751000169665,0.48677510001696644,-20.0,1148.0213063999545,sj
008,30,f,vandy,1,303,audiovisual,0,,1,0.6702775999438018,0.6502775999438017,-20.0,1150.1817850999068,sj
008,30,f,vandy,1,304,audiovisual,0,,1,0.40025590010918677,0.38025590010918675,-20.0,1152.212787099881,sj
008,30,f,vandy,1,305,audiovisual,-200,,1,0.5356163000687957,0.5156163000687957,-20.0,1153.6630140999332,sj
008,30,f,vandy,1,306,audiovisual,0,,1,0.6657030000351369,0.6457030000351369,-20.0,1155.5324774999171,sj
008,30,f,vandy,1,307,audiovisual,0,,1,1.1722216999623924,1.1522216999623924,-20.0,1157.8124942998402,sj
008,30,f,vandy,1,308,audiovisual,0,,1,0.6939512998797,0.6739512998796999,-20.0,1160.7444444999564,sj
008,30,f,vandy,1,309,audiovisual,0,,1,0.4932538000866771,0.47325380008667706,-20.0,1163.426037899917,sj
008,30,f,vandy,1,310,audiovisual,-50,,1,0.5470151999033988,0.5270151999033987,-20.0,1165.107167799957,sj
008,30,f,vandy,1,311,audiovisual,0,,1,0.47996119991876185,0.45996119991876183,-20.0,1166.907877099933,sj
008,30,f,vandy,1,312,audiovisual,1000,,2,1.2964703000616282,1.2764703000616282,-20.0,1169.0817299999762,sj
008,30,f,vandy,1,313,audiovisual,100,,1,0.7832096000202,0.7632096000202,-20.0,1171.6323977999855,sj
008,30,f,vandy,1,314,audiovisual,100,,1,0.7205411999020725,0.7005411999020725,-20.0,1173.7368902999442,sj
008,30,f,vandy,1,315,audiovisual,200,,2,0.6001575000118464,0.5801575000118464,-20.0,1175.751126699848,sj
008,30,f,vandy,1,316,audiovisual,0,,1,0.5735450000502169,0.5535450000502169,-20.0,1178.1251395000145,sj
008,30,f,vandy,1,317,audiovisual,0,,1,0.5470080999657512,0.5270080999657512,-20.0,1180.5781266998965,sj
008,30,f,vandy,1,318,audiovisual,0,,1,0.4675785000436008,0.4475785000436008,-20.0,1182.4986389998812,sj
008,30,f,vandy,1,319,audiovisual,0,,1,0.48061699979007244,0.4606169997900724,-20.0,1184.1668405998498,sj
008,30,f,vandy,1,320,audiovisual,0,,1,0.5444996999576688,0.5244996999576688,-20.0,1185.8884343998507,sj
008,30,f,vandy,1,321,audiovisual,250,,2,0.876913100015372,0.856913100015372,-20.0,1188.2756733999122,sj
008,30,f,vandy,1,322,audiovisual,-100,,1,0.5433936999179423,0.5233936999179423,-20.0,1190.2759340999182,sj
008,30,f,vandy,1,323,audiovisual,50,,1,0.4806582999881357,0.4606582999881357,-20.0,1192.8107519999612,sj
008,30,f,vandy,1,324,audiovisual,100,,1,0.49381680018268526,0.47381680018268524,-20.0,1194.8899850000162,sj
008,30,f,vandy,1,325,audiovisual,0,,1,0.5480659999884665,0.5280659999884665,-20.0,1196.797176099848,sj
008,30,f,vandy,1,326,audiovisual,0,,1,0.3560107999946922,0.3360107999946922,-20.0,1199.2128272999544,sj
008,30,f,vandy,1,327,audiovisual,0,,1,0.3870821001473814,0.3670821001473814,-20.0,1200.7333688000217,sj
008,30,f,vandy,1,328,audiovisual,-200,,2,0.6894360999576747,0.6694360999576747,-20.0,1202.2810330998618,sj
008,30,f,vandy,1,329,audiovisual,0,,1,0.4105338999070227,0.3905338999070227,-20.0,1204.3882784000598,sj
008,30,f,vandy,1,330,audiovisual,0,,1,0.4668656999710947,0.4468656999710947,-20.0,1206.322400300065,sj
008,30,f,vandy,1,331,audiovisual,50,,1,0.37559810001403093,0.3555981000140309,-20.0,1208.3895490998402,sj
008,30,f,vandy,1,332,audiovisual,0,,1,0.5733878999017179,0.5533878999017179,-20.0,1209.9523785000201,sj
008,30,f,vandy,1,333,audiovisual,-250,,2,1.8691698000766337,1.8491698000766337,-20.0,1212.4289323000703,sj
008,30,f,vandy,1,334,audiovisual,0,,1,0.5871451999992132,0.5671451999992132,-20.0,1216.018986799987,sj
008,30,f,vandy,1,335,audiovisual,0,,1,0.4542761000338942,0.43427610003389416,-20.0,1218.431263800012,sj
008,30,f,vandy,1,336,audiovisual,-150,,1,0.4266662001609802,0.4066662001609802,-20.0,1220.3792210998945,sj
008,30,f,vandy,1,337,audiovisual,-50,,1,0.45486350008286536,0.43486350008286534,-20.0,1222.621173299849,sj
008,30,f,vandy,1,338,audiovisual,0,,1,0.46677819988690317,0.44677819988690315,-20.0,1224.1705038999207,sj
008,30,f,vandy,1,339,audiovisual,300,,2,0.8283469998277724,0.8083469998277724,-20.0,1226.4897673998494,sj
008,30,f,vandy,1,340,audiovisual,250,,1,0.6531571999657899,0.6331571999657899,-20.0,1229.3315778998658,sj
008,30,f,vandy,1,341,audiovisual,0,,1,0.45330210006795824,0.4333021000679582,-20.0,1231.3443350000307,sj
008,30,f,vandy,1,342,audiovisual,0,,1,0.9170737001113594,0.8970737001113593,-20.0,1233.3316947000567,sj
008,30,f,vandy,1,343,audiovisual,0,,1,0.5334516000002623,0.5134516000002622,-20.0,1235.7861404998694,sj
008,30,f,vandy,1,344,audiovisual,0,,1,0.3599632999394089,0.3399632999394089,-20.0,1238.1468445998617,sj
008,30,f,vandy,1,345,audiovisual,0,,1,0.29355370020493865,0.27355370020493863,-20.0,1240.200690299971,sj
008,30,f,vandy,1,346,audiovisual,-100,,1,0.34719800017774105,0.32719800017774103,-20.0,1241.9218939000275,sj
008,30,f,vandy,1,347,audiovisual,0,,1,0.3471919000148773,0.3271919000148773,-20.0,1244.0545739999507,sj
008,30,f,vandy,1,348,audiovisual,-250,,2,0.747640399960801,0.727640399960801,-20.0,1245.7086942000315,sj
008,30,f,vandy,1,349,audiovisual,-300,,2,0.9337228999938816,0.9137228999938816,-20.0,1248.2038692999631,sj
008,30,f,vandy,1,350,audiovisual,-150,,1,0.6269090999849141,0.606909099984914,-20.0,1250.2979733999819,sj
008,30,f,vandy,1,351,audiovisual,-200,,2,0.7334612000267953,0.7134612000267953,-20.0,1316.5076247998513,sj
008,30,f,vandy,1,352,audiovisual,-50,,1,0.5599180001299828,0.5399180001299828,-20.0,1318.6696222999599,sj
008,30,f,vandy,1,353,audiovisual,-1000,,2,1.2939704000018537,1.2739704000018537,-20.0,1320.790199500043,sj
008,30,f,vandy,1,354,audiovisual,0,,1,0.5866066000889987,0.5666066000889987,-20.0,1323.578037600033,sj
008,30,f,vandy,1,355,audiovisual,250,,2,0.6403222000226378,0.6203222000226378,-20.0,1325.2983109999914,sj
008,30,f,vandy,1,356,audiovisual,0,,1,0.6003280999138951,0.5803280999138951,-20.0,1327.8062199999113,sj
008,30,f,vandy,1,357,audiovisual,0,,1,0.5191583000123501,0.49915830001235006,-20.0,1329.8337922999635,sj
008,30,f,vandy,1,358,audiovisual,150,,1,0.6670804000459611,0.6470804000459611,-20.0,1331.5142748998478,sj
008,30,f,vandy,1,359,audiovisual,0,,1,0.6670416002161801,0.6470416002161801,-20.0,1333.7018734000158,sj
008,30,f,vandy,1,360,audiovisual,0,,1,0.6677816000301391,0.6477816000301391,-20.0,1336.1538861000445,sj
008,30,f,vandy,1,361,audiovisual,0,,1,0.5331868000794202,0.5131868000794202,-20.0,1338.4358115999494,sj
008,30,f,vandy,1,362,audiovisual,0,,1,0.5332789998501539,0.5132789998501539,-20.0,1340.2906955999788,sj
008,30,f,vandy,1,363,audiovisual,-200,,1,0.8134087999351323,0.7934087999351322,-20.0,1342.277849999955,sj
008,30,f,vandy,1,364,audiovisual,0,,1,1.0367301001679152,1.0167301001679152,-20.0,1344.2117105000652,sj
008,30,f,vandy,1,365,audiovisual,300,,2,0.7071070000529289,0.6871070000529289,-20.0,1346.7600815000478,sj
008,30,f,vandy,1,366,audiovisual,-300,,2,0.7204884001985192,0.7004884001985192,-20.0,1349.3474566999357,sj
008,30,f,vandy,1,367,audiovisual,0,,1,0.4822093998081982,0.4622093998081982,-20.0,1351.414814400021,sj
008,30,f,vandy,1,368,audiovisual,-250,,2,1.4137714998796582,1.3937714998796582,-20.0,1353.5512852000538,sj
008,30,f,vandy,1,369,audiovisual,0,,1,0.6532238998916,0.6332238998916,-20.0,1356.4832112998702,sj
008,30,f,vandy,1,370,audiovisual,-100,,1,0.4939468998927623,0.4739468998927623,-20.0,1358.3365468999837,sj
008,30,f,vandy,1,371,audiovisual,-100,,1,0.45376159995794296,0.43376159995794294,-20.0,1360.5899662000593,sj
008,30,f,vandy,1,372,audiovisual,250,,1,3.4425296999979764,3.4225296999979764,-20.0,1362.2840859999415,sj
008,30,f,vandy,1,373,audiovisual,0,,1,0.5884680999442935,0.5684680999442935,-20.0,1367.2207891999278,sj
008,30,f,vandy,1,374,audiovisual,0,,1,0.4805660001002252,0.4605660001002252,-20.0,1369.3694318998605,sj
008,30,f,vandy,1,375,audiovisual,0,,1,0.547184299910441,0.527184299910441,-20.0,1371.2354663000442,sj
008,30,f,vandy,1,376,audiovisual,0,,1,0.4143725000321865,0.3943725000321865,-20.0,1373.7948197999503,sj
008,30,f,vandy,1,377,audiovisual,200,,1,0.8680495999287814,0.8480495999287814,-20.0,1375.9158727000467,sj
008,30,f,vandy,1,378,audiovisual,-150,,1,0.6134472999256104,0.5934472999256104,-20.0,1378.2111394999083,sj
008,30,f,vandy,1,379,audiovisual,0,,1,0.39827640005387366,0.37827640005387364,-20.0,1380.664777299855,sj
008,30,f,vandy,1,380,audiovisual,0,,1,0.34670859994366765,0.32670859994366763,-20.0,1382.1725000999868,sj
008,30,f,vandy,1,381,audiovisual,0,,1,0.3602990999352187,0.3402990999352187,-20.0,1384.133228899911,sj
008,30,f,vandy,1,382,audiovisual,1000,,2,1.2810290998313576,1.2610290998313576,-20.0,1385.5869966000319,sj
008,30,f,vandy,1,383,audiovisual,-1000,,2,1.4405571999959648,1.4205571999959647,-20.0,1388.2417669999413,sj
008,30,f,vandy,1,384,audiovisual,-50,,1,0.5082264000084251,0.4882264000084251,-20.0,1390.7627512000035,sj
008,30,f,vandy,1,385,audiovisual,-300,,2,0.9604933999944478,0.9404933999944478,-20.0,1392.95115359989,sj
008,30,f,vandy,1,386,audiovisual,0,,1,0.5965342000126839,0.5765342000126839,-20.0,1395.4575586998835,sj
008,30,f,vandy,1,387,audiovisual,0,,1,0.4270386998541653,0.4070386998541653,-20.0,1397.2578608000185,sj
008,30,f,vandy,1,388,audiovisual,0,,1,0.46637139981612563,0.4463713998161256,-20.0,1399.525554599939,sj
008,30,f,vandy,1,389,audiovisual,0,,1,0.40011640009470284,0.3801164000947028,-20.0,1401.8188968999311,sj
008,30,f,vandy,1,390,audiovisual,-150,,1,0.4763616998679936,0.4563616998679936,-20.0,1404.0340725998394,sj
008,30,f,vandy,1,391,audiovisual,-250,,2,0.7319783000275493,0.7119783000275492,-20.0,1405.661084299907,sj
008,30,f,vandy,1,392,audiovisual,0,,1,0.37401279993355274,0.3540127999335527,-20.0,1408.126958800014,sj
008,30,f,vandy,1,393,audiovisual,250,,1,0.6003554000053555,0.5803554000053555,-20.0,1409.7146300999448,sj
008,30,f,vandy,1,394,audiovisual,200,,1,0.8000978999771178,0.7800978999771178,-20.0,1411.5286868999247,sj
008,30,f,vandy,2,1,audiovisual,-50,,1,3.3743724999949336,3.3543724999949336,-20.0,1535.2307052998804,toj
008,30,f,vandy,2,2,audiovisual,-1000,,1,1.4406376997940242,1.4206376997940242,-20.0,1540.1629669000395,toj
008,30,f,vandy,2,3,audiovisual,-250,,1,1.329944800119847,1.309944800119847,-20.0,1542.9909027998801,toj
008,30,f,vandy,2,4,audiovisual,-200,,1,1.8138385000638664,1.7938385000638664,-20.0,1545.6850272999145,toj
008,30,f,vandy,2,5,audiovisual,-200,,1,1.0976003999821842,1.0776003999821842,-20.0,1548.939336200012,toj
008,30,f,vandy,2,6,audiovisual,-100,,1,3.575775699922815,3.555775699922815,-20.0,1551.8512655000668,toj
008,30,f,vandy,2,7,audiovisual,100,,2,1.2269214000552893,1.2069214000552893,-20.0,1557.2100869000424,toj
008,30,f,vandy,2,8,audiovisual,200,,2,0.9072368000634015,0.8872368000634014,-20.0,1559.6763941999525,toj
008,30,f,vandy,2,9,audiovisual,100,,2,2.629147700034082,2.609147700034082,-20.0,1562.5964921999257,toj
008,30,f,vandy,2,10,audiovisual,1000,,2,1.6005517998710275,1.5805517998710275,-20.0,1566.398993599927,toj
008,30,f,vandy,2,11,audiovisual,-250,,1,1.7470472001004964,1.7270472001004964,-20.0,1569.6138226999901,toj
008,30,f,vandy,2,12,audiovisual,200,,2,1.4952372000552714,1.4752372000552714,-20.0,1572.7348396999296,toj
008,30,f,vandy,2,13,audiovisual,200,,2,1.8391895999666303,1.8191895999666303,-20.0,1575.9104776999447,toj
008,30,f,vandy,2,14,audiovisual,150,,2,0.7074299999512732,0.6874299999512732,-20.0,1579.589166099904,toj
008,30,f,vandy,2,15,audiovisual,-100,,2,2.0006599000189453,1.9806599000189453,-20.0,1582.2179455999285,toj
008,30,f,vandy,2,16,audiovisual,-250,,2,1.4003167999908328,1.3803167999908328,-20.0,1585.5396012999117,toj
008,30,f,vandy,2,17,audiovisual,-300,,1,1.667489199899137,1.647489199899137,-20.0,1588.1806542000268,toj
008,30,f,vandy,2,18,audiovisual,300,,2,1.213474899996072,1.193474899996072,-20.0,1591.515250599943,toj
008,30,f,vandy,2,19,audiovisual,150,,2,0.8935541999526322,0.8735541999526322,-20.0,1594.1297321000602,toj
008,30,f,vandy,2,20,audiovisual,50,,2,2.147102899849415,2.127102899849415,-20.0,1596.6370153999887,toj
008,30,f,vandy,2,21,audiovisual,150,,2,1.065069500124082,1.045069500124082,-20.0,1599.9308853999246,toj
008,30,f,vandy,2,22,audiovisual,-300,,1,1.6654692001175135,1.6454692001175135,-20.0,1602.5988906000275,toj
008,30,f,vandy,2,23,audiovisual,1000,,2,1.3581544999033213,1.3381544999033212,-20.0,1605.8399246998597,toj
008,30,f,vandy,2,24,audiovisual,100,,1,2.3072444999124855,2.2872444999124855,-20.0,1608.8149550000671,toj
008,30,f,vandy,2,25,audiovisual,200,,1,2.507794699864462,2.487794699864462,-20.0,1612.9629844999872,toj
008,30,f,vandy,2,26,audiovisual,250,,2,1.160624099895358,1.140624099895358,-20.0,1616.4971036000643,toj
008,30,f,vandy,2,27,audiovisual,100,,2,1.1203085999004543,1.1003085999004543,-20.0,1618.9117940999568,toj
008,30,f,vandy,2,28,audiovisual,-100,,2,1.0805639999452978,1.0605639999452978,-20.0,1621.6860749998596,toj
008,30,f,vandy,2,29,audiovisual,150,,2,0.8676303999964148,0.8476303999964148,-20.0,1624.5925318000372,toj
008,30,f,vandy,2,30,audiovisual,150,,2,0.7857788000255823,0.7657788000255823,-20.0,1627.3142985999584,toj
008,30,f,vandy,2,31,audiovisual,0,,1,1.093844700139016,1.073844700139016,-20.0,1629.3818806000054,toj
008,30,f,vandy,2,32,audiovisual,-1000,,1,1.920493100071326,1.9004931000713259,-20.0,1631.769728800049,toj
008,30,f,vandy,2,33,audiovisual,-50,,1,1.867086499929428,1.847086499929428,-20.0,1635.3974184999242,toj
008,30,f,vandy,2,34,audiovisual,200,,2,2.1602473999373615,2.1402473999373615,-20.0,1638.5986154999118,toj
008,30,f,vandy,2,35,audiovisual,300,,2,1.2540643999818712,1.2340643999818712,-20.0,1642.719777900027,toj
008,30,f,vandy,2,36,audiovisual,-250,,1,2.3226367998868227,2.3026367998868227,-20.0,1645.8133294999134,toj
008,30,f,vandy,2,37,audiovisual,300,,2,0.8802680000662804,0.8602680000662803,-20.0,1649.68335810001,toj
008,30,f,vandy,2,38,audiovisual,250,,2,0.9205659998115152,0.9005659998115152,-20.0,1651.7369692998473,toj
008,30,f,vandy,2,39,audiovisual,-200,,2,1.4253144999966025,1.4053144999966025,-20.0,1654.111207399983,toj
008,30,f,vandy,2,40,audiovisual,-300,,1,1.0002268000971526,0.9802268000971526,-20.0,1656.5782924999949,toj
008,30,f,vandy,2,41,audiovisual,-50,,1,1.0401401999406517,1.0201401999406516,-20.0,1658.6326571998652,toj
008,30,f,vandy,2,42,audiovisual,300,,2,1.840861100004986,1.820861100004986,-20.0,1661.5400403998792,toj
008,30,f,vandy,2,43,audiovisual,-150,,2,1.627036300022155,1.607036300022155,-20.0,1664.5149765000679,toj
008,30,f,vandy,2,44,audiovisual,200,,2,1.2801068001426756,1.2601068001426756,-20.0,1667.9560735998675,toj
008,30,f,vandy,2,45,audiovisual,50,,2,2.333887299988419,2.313887299988419,-20.0,1670.4635836998932,toj
008,30,f,vandy,2,46,audiovisual,-200,,1,2.0402511002030224,2.0202511002030223,-20.0,1674.6382619000506,toj
008,30,f,vandy,2,47,audiovisual,150,,1,2.571517600212246,2.551517600212246,-20.0,1677.893538299948,toj
008,30,f,vandy,2,48,audiovisual,250,,1,1.7218659999780357,1.7018659999780357,-20.0,1681.7747494999785,toj
008,30,f,vandy,2,49,audiovisual,100,,1,1.5061844000592828,1.4861844000592828,-20.0,1684.6302362999413,toj
008,30,f,vandy,2,50,audiovisual,-300,,1,1.3205045000649989,1.3005045000649988,-20.0,1687.2559066000395,toj
008,30,f,vandy,2,51,audiovisual,150,,2,1.4140310999937356,1.3940310999937355,-20.0,1750.3182647000067,toj
008,30,f,vandy,2,52,audiovisual,-150,,1,2.8808315000496805,2.8608315000496805,-20.0,1753.1201933000702,toj
008,30,f,vandy,2,53,audiovisual,0,,1,1.2137817998882383,1.1937817998882383,-20.0,1757.2012209000532,toj
008,30,f,vandy,2,54,audiovisual,250,,2,0.8532604998908937,0.8332604998908937,-20.0,1759.8429940999486,toj
008,30,f,vandy,2,55,audiovisual,150,,2,3.2676842000801116,3.2476842000801116,-20.0,1762.602981899865,toj
008,30,f,vandy,2,56,audiovisual,250,,2,0.9206610999535769,0.9006610999535769,-20.0,1766.9252168000676,toj
008,30,f,vandy,2,57,audiovisual,150,,2,0.5735520001035184,0.5535520001035183,-20.0,1769.6182861998677,toj
008,30,f,vandy,2,58,audiovisual,50,,2,0.6404999000951648,0.6204999000951648,-20.0,1771.7530696999747,toj
008,30,f,vandy,2,59,audiovisual,-150,,2,1.1590158001054078,1.1390158001054078,-20.0,1773.5815131000709,toj
008,30,f,vandy,2,60,audiovisual,-50,,2,0.8012006999924779,0.7812006999924779,-20.0,1776.3542120000347,toj
008,30,f,vandy,2,61,audiovisual,-150,,2,1.2280628001317382,1.2080628001317382,-20.0,1778.5421454999596,toj
008,30,f,vandy,2,62,audiovisual,0,,2,1.0268824000377208,1.0068824000377208,-20.0,1780.957581799943,toj
008,30,f,vandy,2,63,audiovisual,0,,2,1.1043215999379754,1.0843215999379754,-20.0,1783.6913316999562,toj
008,30,f,vandy,2,64,audiovisual,0,,2,0.7740070999134332,0.7540070999134332,-20.0,1786.1321290999185,toj
008,30,f,vandy,2,65,audiovisual,300,,1,0.813922300003469,0.793922300003469,-20.0,1788.798747099936,toj
008,30,f,vandy,2,66,audiovisual,50,,1,2.3201619999017566,2.3001619999017566,-20.0,1791.4934081998654,toj
008,30,f,vandy,2,67,audiovisual,250,,1,1.7605862999334931,1.7405862999334931,-20.0,1795.1492625998799,toj
008,30,f,vandy,2,68,audiovisual,-150,,1,1.8806632000487298,1.8606632000487298,-20.0,1798.9235141000245,toj
008,30,f,vandy,2,69,audiovisual,-50,,2,1.311129900161177,1.291129900161177,-20.0,1801.990973399952,toj
008,30,f,vandy,2,70,audiovisual,-100,,2,1.170923399971798,1.150923399971798,-20.0,1804.5299765998498,toj
008,30,f,vandy,2,71,audiovisual,300,,2,1.094028600025922,1.074028600025922,-20.0,1807.180079499958,toj
008,30,f,vandy,2,72,audiovisual,300,,2,1.572852100012824,1.552852100012824,-20.0,1809.6613922000397,toj
008,30,f,vandy,2,73,audiovisual,150,,2,1.427196400007233,1.407196400007233,-20.0,1812.78197250003,toj
008,30,f,vandy,2,74,audiovisual,-250,,1,1.4401272998657078,1.4201272998657077,-20.0,1815.9698703999165,toj
008,30,f,vandy,2,75,audiovisual,-200,,1,1.9357088999822736,1.9157088999822736,-20.0,1818.8902826998383,toj
008,30,f,vandy,2,76,audiovisual,-150,,2,1.8405043999664485,1.8205043999664485,-20.0,1822.3497331999242,toj
008,30,f,vandy,2,77,audiovisual,-200,,2,1.253955899970606,1.233955899970606,-20.0,1825.5732867999468,toj
008,30,f,vandy,2,78,audiovisual,50,,2,1.0133406000677496,0.9933406000677496,-20.0,1828.2548690999392,toj
008,30,f,vandy,2,79,audiovisual,-100,,1,1.2791031000670046,1.2591031000670045,-20.0,1830.7217123999726,toj
008,30,f,vandy,2,80,audiovisual,-250,,1,1.3871528001036495,1.3671528001036495,-20.0,1833.7631516000256,toj
008,30,f,vandy,2,81,audiovisual,-300,,1,1.0041883999947459,0.9841883999947458,-20.0,1837.164241899969,toj
008,30,f,vandy,2,82,audiovisual,50,,1,0.8932908999267966,0.8732908999267965,-20.0,1840.0497691000346,toj
008,30,f,vandy,2,83,audiovisual,-50,,2,1.2269528000615537,1.2069528000615537,-20.0,1842.0324245998636,toj
008,30,f,vandy,2,84,audiovisual,0,,1,0.9465868000406772,0.9265868000406772,-20.0,1844.580189100001,toj
008,30,f,vandy,2,85,audiovisual,-100,,1,1.560548699926585,1.540548699926585,-20.0,1847.0204125999007,toj
008,30,f,vandy,2,86,audiovisual,-100,,2,1.2668202000204474,1.2468202000204474,-20.0,1849.6753599999938,toj
008,30,f,vandy,2,87,audiovisual,300,,2,1.240403600037098,1.220403600037098,-20.0,1852.635409399867,toj
008,30,f,vandy,2,88,audiovisual,-100,,2,0.9601731000002474,0.9401731000002473,-20.0,1855.8907278999686,toj
008,30,f,vandy,2,89,audiovisual,-100,,1,0.9897235000971705,0.9697235000971705,-20.0,1858.3849613999482,toj
008,30,f,vandy,2,90,audiovisual,-250,,1,1.4788860999979079,1.4588860999979079,-20.0,1861.34911979991,toj
008,30,f,vandy,2,91,audiovisual,250,,2,1.1866669000592083,1.1666669000592083,-20.0,1864.3089471999556,toj
008,30,f,vandy,2,92,audiovisual,-300,,1,1.1475229000207037,1.1275229000207037,-20.0,1867.4814559998922,toj
008,30,f,vandy,2,93,audiovisual,100,,1,1.0944499999750406,1.0744499999750405,-20.0,1870.5620498000644,toj
008,30,f,vandy,2,94,audiovisual,300,,2,0.6401937999762595,0.6201937999762595,-20.0,1872.709413500037,toj
008,30,f,vandy,2,95,audiovisual,-50,,2,0.7984998000320047,0.7784998000320047,-20.0,1875.337503900053,toj
008,30,f,vandy,2,96,audiovisual,300,,2,0.9467331999912858,0.9267331999912858,-20.0,1877.4987540999427,toj
008,30,f,vandy,2,97,audiovisual,1000,,2,1.3209822000935674,1.3009822000935674,-20.0,1880.0198913998902,toj
008,30,f,vandy,2,98,audiovisual,250,,2,0.7334611001424491,0.7134611001424491,-20.0,1883.2611952000298,toj
008,30,f,vandy,2,99,audiovisual,200,,2,1.239979299949482,1.219979299949482,-20.0,1885.1815545000136,toj
008,30,f,vandy,2,100,audiovisual,50,,2,0.8002474000677466,0.7802474000677466,-20.0,1888.3831603999715,toj
008,30,f,vandy,2,101,audiovisual,-300,,1,1.2669150999281555,1.2469150999281555,-20.0,1953.4476737999357,toj
008,30,f,vandy,2,102,audiovisual,100,,1,0.9208863000385463,0.9008863000385463,-20.0,1955.913961299928,toj
008,30,f,vandy,2,103,audiovisual,-100,,2,0.6543672999832779,0.6343672999832779,-20.0,1958.687163299881,toj
008,30,f,vandy,2,104,audiovisual,-100,,1,2.424562100088224,2.404562100088224,-20.0,1960.4209507000633,toj
008,30,f,vandy,2,105,audiovisual,-100,,1,0.8937066001817584,0.8737066001817584,-20.0,1964.4499488999136,toj
008,30,f,vandy,2,106,audiovisual,-100,,1,0.6404429001267999,0.6204429001267999,-20.0,1966.7979341000319,toj
008,30,f,vandy,2,107,audiovisual,-200,,1,0.9198574000038207,0.8998574000038206,-20.0,1968.6923012000043,toj
008,30,f,vandy,2,108,audiovisual,-250,,1,0.7069164998829365,0.6869164998829365,-20.0,1971.1861445999239,toj
008,30,f,vandy,2,109,audiovisual,250,,2,0.6800005999393761,0.6600005999393761,-20.0,1973.3738261000253,toj
008,30,f,vandy,2,110,audiovisual,0,,2,1.4251363000366837,1.4051363000366837,-20.0,1975.6409203000367,toj
008,30,f,vandy,2,111,audiovisual,-300,,1,1.3470180998556316,1.3270180998556316,-20.0,1978.3223420998547,toj
008,30,f,vandy,2,112,audiovisual,100,,2,1.3607437999453396,1.3407437999453395,-20.0,1980.9497775000054,toj
008,30,f,vandy,2,113,audiovisual,-150,,2,1.188298099907115,1.168298099907115,-20.0,1984.216020700056,toj
008,30,f,vandy,2,114,audiovisual,-250,,2,1.2130688999313861,1.193068899931386,-20.0,1986.937755699968,toj
008,30,f,vandy,2,115,audiovisual,-200,,1,0.9201823000330478,0.9001823000330478,-20.0,1989.3791761999018,toj
008,30,f,vandy,2,116,audiovisual,250,,1,0.8273223000578582,0.8073223000578582,-20.0,1992.2601258999202,toj
008,30,f,vandy,2,117,audiovisual,-50,,1,0.7204022998921573,0.7004022998921573,-20.0,1994.1284300000407,toj
008,30,f,vandy,2,118,audiovisual,0,,2,1.4268766001332551,1.406876600133255,-20.0,1996.4621271998622,toj
008,30,f,vandy,2,119,audiovisual,150,,2,1.2537000998854637,1.2337000998854637,-20.0,1999.6768620999064,toj
008,30,f,vandy,2,120,audiovisual,-250,,1,1.0667342999950051,1.0467342999950051,-20.0,2002.7304813999217,toj
008,30,f,vandy,2,121,audiovisual,-300,,1,2.6275220999959856,2.6075220999959856,-20.0,2005.411481200019,toj
008,30,f,vandy,2,122,audiovisual,-150,,1,1.0006816000677645,0.9806816000677645,-20.0,2009.1342943999916,toj
008,30,f,vandy,2,123,audiovisual,-200,,1,0.9739549001678824,0.9539549001678824,-20.0,2012.0264375999104,toj
008,30,f,vandy,2,124,audiovisual,100,,1,0.8935086999554187,0.8735086999554187,-20.0,2014.5346675999463,toj
008,30,f,vandy,2,125,audiovisual,300,,2,0.7068898000288755,0.6868898000288755,-20.0,2016.9094592998736,toj
008,30,f,vandy,2,126,audiovisual,50,,1,1.386915700044483,1.366915700044483,-20.0,2018.6833907999098,toj
008,30,f,vandy,2,127,audiovisual,250,,2,0.986748400144279,0.966748400144279,-20.0,2021.4308642998803,toj
008,30,f,vandy,2,128,audiovisual,-250,,1,1.2512651002034545,1.2312651002034545,-20.0,2024.0850704999175,toj
008,30,f,vandy,2,129,audiovisual,-250,,1,1.2935842999722809,1.2735842999722808,-20.0,2026.3792635998689,toj
008,30,f,vandy,2,130,audiovisual,-50,,1,0.9202672999817878,0.9002672999817878,-20.0,2029.3804919999093,toj
008,30,f,vandy,2,131,audiovisual,-150,,1,0.7066915999166667,0.6866915999166667,-20.0,2031.5549389000516,toj
008,30,f,vandy,2,132,audiovisual,0,,1,1.2939202000852674,1.2739202000852674,-20.0,2034.155543099856,toj
008,30,f,vandy,2,133,audiovisual,150,,1,1.093256900086999,1.073256900086999,-20.0,2036.8899815999903,toj
008,30,f,vandy,2,134,audiovisual,-300,,1,0.9203409000765532,0.9003409000765532,-20.0,2039.1575455998536,toj
008,30,f,vandy,2,135,audiovisual,250,,1,1.2805403999518603,1.2605403999518603,-20.0,2041.8660967999604,toj
008,30,f,vandy,2,136,audiovisual,50,,2,1.4940468999557197,1.4740468999557197,-20.0,2044.4662206999492,toj
008,30,f,vandy,2,137,audiovisual,-50,,2,3.120982499793172,3.100982499793172,-20.0,2047.267346000066,toj
008,30,f,vandy,2,138,audiovisual,250,,2,0.8800604999996722,0.8600604999996722,-20.0,2052.362222000025,toj
008,30,f,vandy,2,139,audiovisual,150,,2,0.853554500034079,0.8335545000340789,-20.0,2054.3225195000414,toj
008,30,f,vandy,2,140,audiovisual,-150,,2,1.0137672000564635,0.9937672000564635,-20.0,2056.4571767000016,toj
008,30,f,vandy,2,141,audiovisual,1000,,2,1.3472360000014305,1.3272360000014305,-20.0,2059.018118799897,toj
008,30,f,vandy,2,142,audiovisual,50,,1,1.5739362000022084,1.5539362000022083,-20.0,2062.3792276999447,toj
008,30,f,vandy,2,143,audiovisual,-200,,1,2.0393380001187325,2.0193380001187324,-20.0,2065.1673546999227,toj
008,30,f,vandy,2,144,audiovisual,-1000,,1,1.4138730000704527,1.3938730000704527,-20.0,2068.5548417998943,toj
008,30,f,vandy,2,145,audiovisual,-150,,1,2.214078600052744,2.194078600052744,-20.0,2071.582253499888,toj
008,30,f,vandy,2,146,audiovisual,100,,1,0.8134536000434309,0.7934536000434309,-20.0,2075.797458200017,toj
008,30,f,vandy,2,147,audiovisual,200,,2,0.7467612000182271,0.7267612000182271,-20.0,2077.850935299881,toj
008,30,f,vandy,2,148,audiovisual,-250,,2,1.1735292999073863,1.1535292999073863,-20.0,2079.852143099997,toj
008,30,f,vandy,2,149,audiovisual,300,,2,0.7065847001504153,0.6865847001504153,-20.0,2082.652890499914,toj
008,30,f,vandy,2,150,audiovisual,-150,,1,1.5600419000256807,1.5400419000256806,-20.0,2084.4405116999988,toj
008,30,f,vandy,2,151,audiovisual,200,,2,0.6166936000809073,0.5966936000809073,-20.0,2148.58243329986,toj
008,30,f,vandy,2,152,audiovisual,-300,,2,1.0158140000421554,0.9958140000421554,-20.0,2150.7077708998695,toj
008,30,f,vandy,2,153,audiovisual,-250,,1,1.3062994999345392,1.2862994999345392,-20.0,2153.347562599927,toj
008,30,f,vandy,2,154,audiovisual,250,,2,1.5589002999477088,1.5389002999477088,-20.0,2156.186140500009,toj
008,30,f,vandy,2,155,audiovisual,-1000,,1,1.2806792000774294,1.2606792000774294,-20.0,2159.6410137999337,toj
008,30,f,vandy,2,156,audiovisual,-50,,2,1.3593633999116719,1.3393633999116719,-20.0,2162.562723699957,toj
008,30,f,vandy,2,157,audiovisual,-200,,1,0.9896993001457304,0.9696993001457304,-20.0,2165.6302064999472,toj
008,30,f,vandy,2,158,audiovisual,0,,1,0.9067451998125762,0.8867451998125762,-20.0,2168.3675692998804,toj
008,30,f,vandy,2,159,audiovisual,250,,2,0.6418318999931216,0.6218318999931216,-20.0,2170.618277200032,toj
008,30,f,vandy,2,160,audiovisual,200,,2,0.6133256000466645,0.5933256000466645,-20.0,2172.6473329998553,toj
008,30,f,vandy,2,161,audiovisual,200,,2,0.6001736000180244,0.5801736000180244,-20.0,2175.099846099969,toj
008,30,f,vandy,2,162,audiovisual,150,,2,0.5040168999694288,0.48401689996942876,-20.0,2176.8474741999526,toj
008,30,f,vandy,2,163,audiovisual,0,,2,0.5069566001184285,0.48695660011842845,-20.0,2178.834382999921,toj
008,30,f,vandy,2,164,audiovisual,150,,2,1.0133291999809444,0.9933291999809444,-20.0,2181.1019458000083,toj
008,30,f,vandy,2,165,audiovisual,200,,2,0.6004613998811692,0.5804613998811692,-20.0,2183.155864499975,toj
008,30,f,vandy,2,166,audiovisual,-300,,1,0.6000494998879731,0.580049499887973,-20.0,2184.9707239000127,toj
008,30,f,vandy,2,167,audiovisual,-250,,1,0.8426012001000345,0.8226012001000345,-20.0,2187.4911662999075,toj
008,30,f,vandy,2,168,audiovisual,-50,,2,1.3194021000526845,1.2994021000526845,-20.0,2189.9477442998905,toj
008,30,f,vandy,2,169,audiovisual,-150,,1,1.614072300028056,1.5940723000280559,-20.0,2192.959716900019,toj
008,30,f,vandy,2,170,audiovisual,200,,2,0.8944590999744833,0.8744590999744832,-20.0,2196.2261762998533,toj
008,30,f,vandy,2,171,audiovisual,100,,2,0.8404588999692351,0.820458899969235,-20.0,2198.36085060006,toj
008,30,f,vandy,2,172,audiovisual,50,,2,0.6669027002062649,0.6469027002062648,-20.0,2200.6554022000637,toj
008,30,f,vandy,2,173,audiovisual,100,,2,0.7866976000368595,0.7666976000368595,-20.0,2202.8836175999604,toj
008,30,f,vandy,2,174,audiovisual,-200,,2,1.2535532999318093,1.2335532999318093,-20.0,2204.8972395998426,toj
008,30,f,vandy,2,175,audiovisual,100,,2,0.7204517000354826,0.7004517000354826,-20.0,2207.378267199965,toj
008,30,f,vandy,2,176,audiovisual,50,,2,0.5879552999977022,0.5679552999977022,-20.0,2210.0198891998734,toj
008,30,f,vandy,2,177,audiovisual,-100,,2,1.2937872000038624,1.2737872000038624,-20.0,2211.847284999909,toj
008,30,f,vandy,2,178,audiovisual,-250,,1,0.747137299971655,0.727137299971655,-20.0,2215.1147789999377,toj
008,30,f,vandy,2,179,audiovisual,-150,,1,1.6936232999432832,1.6736232999432832,-20.0,2217.0488996000495,toj
008,30,f,vandy,2,180,audiovisual,-300,,1,2.0541350999847054,2.0341350999847054,-20.0,2220.009621999925,toj
008,30,f,vandy,2,181,audiovisual,200,,2,0.6800385001115501,0.6600385001115501,-20.0,2223.0903264998924,toj
008,30,f,vandy,2,182,audiovisual,-300,,1,1.2544935999903828,1.2344935999903828,-20.0,2225.011486399919,toj
008,30,f,vandy,2,183,audiovisual,0,,2,1.3472338998690248,1.3272338998690247,-20.0,2227.97279229993,toj
008,30,f,vandy,2,184,audiovisual,-50,,1,1.3342413001228124,1.3142413001228124,-20.0,2230.933923000004,toj
008,30,f,vandy,2,185,audiovisual,-150,,1,0.8004725000355393,0.7804725000355393,-20.0,2233.934674100019,toj
008,30,f,vandy,2,186,audiovisual,-100,,1,0.8257402000017464,0.8057402000017464,-20.0,2236.362842799863,toj
008,30,f,vandy,2,187,audiovisual,-200,,1,1.0400992999784648,1.0200992999784648,-20.0,2238.7232530999463,toj
008,30,f,vandy,2,188,audiovisual,50,,1,1.4408531999215484,1.4208531999215483,-20.0,2241.457206699997,toj
008,30,f,vandy,2,189,audiovisual,300,,2,1.3862336000893265,1.3662336000893265,-20.0,2244.232136500068,toj
008,30,f,vandy,2,190,audiovisual,50,,2,0.8933606999926269,0.8733606999926269,-20.0,2247.407292000018,toj
008,30,f,vandy,2,191,audiovisual,-50,,2,0.7732978998683393,0.7532978998683393,-20.0,2249.740443599876,toj
008,30,f,vandy,2,192,audiovisual,-150,,2,0.9336286999750882,0.9136286999750882,-20.0,2251.647590199951,toj
008,30,f,vandy,2,193,audiovisual,0,,2,0.5066265999339521,0.4866265999339521,-20.0,2254.155452999985,toj
008,30,f,vandy,2,194,audiovisual,100,,2,0.7335797999985516,0.7135797999985516,-20.0,2256.422266899841,toj
008,30,f,vandy,2,195,audiovisual,-200,,1,1.256117400014773,1.236117400014773,-20.0,2258.650346199982,toj
008,30,f,vandy,2,196,audiovisual,-300,,1,1.5464699999429286,1.5264699999429285,-20.0,2261.627117499942,toj
008,30,f,vandy,2,197,audiovisual,250,,1,1.2002185999881476,1.1802185999881476,-20.0,2264.8527885999065,toj
008,30,f,vandy,2,198,audiovisual,50,,1,1.053564100060612,1.033564100060612,-20.0,2267.6532509999815,toj
008,30,f,vandy,2,199,audiovisual,300,,2,0.8679401001427323,0.8479401001427322,-20.0,2270.121079100063,toj
008,30,f,vandy,2,200,audiovisual,200,,2,0.9999613000545651,0.979961300054565,-20.0,2272.4958688998595,toj
008,30,f,vandy,2,201,audiovisual,100,,2,0.7202176998835057,0.7002176998835057,-20.0,2335.8368132999167,toj
008,30,f,vandy,2,202,audiovisual,50,,2,0.640378599986434,0.620378599986434,-20.0,2337.6122750998475,toj
008,30,f,vandy,2,203,audiovisual,300,,2,0.6538960000034422,0.6338960000034422,-20.0,2340.133667899994,toj
008,30,f,vandy,2,204,audiovisual,-50,,2,1.4938607001677155,1.4738607001677155,-20.0,2342.0676516999956,toj
008,30,f,vandy,2,205,audiovisual,0,,2,0.48028190014883876,0.46028190014883874,-20.0,2344.9351470998954,toj
008,30,f,vandy,2,206,audiovisual,300,,2,0.7231678999960423,0.7031678999960422,-20.0,2346.5884219999425,toj
008,30,f,vandy,2,207,audiovisual,-1000,,1,1.2389620000030845,1.2189620000030845,-20.0,2348.6059796998743,toj
008,30,f,vandy,2,208,audiovisual,-300,,1,1.0162048998754472,0.9962048998754471,-20.0,2350.910810200032,toj
008,30,f,vandy,2,209,audiovisual,-200,,1,0.586848100181669,0.566848100181669,-20.0,2353.0466010998935,toj
008,30,f,vandy,2,210,audiovisual,0,,2,1.4675300000235438,1.4475300000235438,-20.0,2355.312106899917,toj
008,30,f,vandy,2,211,audiovisual,-100,,2,1.2537752999924123,1.2337752999924123,-20.0,2358.246827099938,toj
008,30,f,vandy,2,212,audiovisual,-50,,2,1.3602652000263333,1.3402652000263333,-20.0,2361.5008276998997,toj
008,30,f,vandy,2,213,audiovisual,150,,2,0.8973257998004556,0.8773257998004556,-20.0,2364.80880800006,toj
008,30,f,vandy,2,214,audiovisual,1000,,2,1.6249547000043094,1.6049547000043094,-20.0,2367.14670459996,toj
008,30,f,vandy,2,215,audiovisual,100,,1,1.547727100085467,1.527727100085467,-20.0,2370.7174982998986,toj
008,30,f,vandy,2,216,audiovisual,200,,2,1.2136882999911904,1.1936882999911904,-20.0,2373.399119500071,toj
008,30,f,vandy,2,217,audiovisual,0,,1,1.1069141998887062,1.0869141998887062,-20.0,2375.7194837999996,toj
008,30,f,vandy,2,218,audiovisual,-200,,1,2.0144539999309927,1.9944539999309927,-20.0,2378.226463600062,toj
008,30,f,vandy,3,1,audiovisual,nan,,nan,0.5732007001060992,0.5532007001060992,-20.0,2662.2493084999733,srt
008,30,f,vandy,3,2,audio,nan,,nan,0.5869044999126345,0.5669044999126345,-20.0,2664.925525299972,srt
008,30,f,vandy,3,3,audio,nan,,nan,0.3732875999994576,0.3532875999994576,-20.0,2667.2684760000557,srt
008,30,f,vandy,3,4,audio,nan,,nan,0.37325230007991195,0.35325230007991193,-20.0,2669.4957039998844,srt
008,30,f,vandy,3,5,visual,nan,,nan,0.7203518999740481,0.7203518999740481,-20.0,2670.949302899884,srt
008,30,f,vandy,3,6,visual,nan,,nan,0.360550899989903,0.360550899989903,-20.0,2673.694136499893,srt
008,30,f,vandy,3,7,audiovisual,nan,,nan,0.37371150008402765,0.35371150008402763,-20.0,2676.2179747000337,srt
008,30,f,vandy,3,8,audio,nan,,nan,0.3331609999295324,0.3131609999295324,-20.0,2677.8586259998847,srt
008,30,f,vandy,3,9,audiovisual,nan,,nan,0.3055821000598371,0.2855821000598371,-20.0,2680.0993832999375,srt
008,30,f,vandy,3,10,audio,nan,,nan,0.6408846999984235,0.6208846999984234,-20.0,2683.1546463000122,srt
008,30,f,vandy,3,11,visual,nan,,nan,0.5344324000179768,0.5344324000179768,-20.0,2685.872884399956,srt
008,30,f,vandy,3,12,audio,nan,,nan,0.42725669988431036,0.40725669988431035,-20.0,2687.7148803998716,srt
008,30,f,vandy,3,13,audiovisual,nan,,nan,0.30683760019019246,0.28683760019019244,-20.0,2689.2091099000536,srt
008,30,f,vandy,3,14,visual,nan,,nan,0.4002029001712799,0.4002029001712799,-20.0,2692.263795200037,srt
008,30,f,vandy,3,15,visual,nan,,nan,0.3324418000411242,0.3324418000411242,-20.0,2695.4778827999253,srt
008,30,f,vandy,3,16,audiovisual,nan,,nan,0.2814209999050945,0.2614209999050945,-20.0,2697.8785862999503,srt
008,30,f,vandy,3,17,visual,nan,,nan,0.2935289000160992,0.2935289000160992,-20.0,2701.0287825998385,srt
008,30,f,vandy,3,18,audio,nan,,nan,0.2667848998680711,0.2467848998680711,-20.0,2703.4801533999853,srt
008,30,f,vandy,3,19,audiovisual,nan,,nan,0.23996530007570982,0.21996530007570983,-20.0,2705.7753653998952,srt
008,30,f,vandy,3,20,visual,nan,,nan,,,-20.0,2708.7485827000346,srt
008,30,f,vandy,3,21,audiovisual,nan,,nan,,,-20.0,2711.8082932999823,srt
008,30,f,vandy,3,22,visual,nan,,nan,,,-20.0,2713.181509600021,srt
008,30,f,vandy,3,23,audiovisual,nan,,nan,,,-20.0,2715.6066338999663,srt
008,30,f,vandy,3,24,audio,nan,,nan,,,-20.0,2718.0102991999593,srt
008,30,f,vandy,3,25,audiovisual,nan,,nan,,,-20.0,2719.2902530999854,srt
008,30,f,vandy,3,26,visual,nan,,nan,,,-20.0,2722.2747098000254,srt
008,30,f,vandy,3,27,visual,nan,,nan,,,-20.0,2723.461885199882,srt
008,30,f,vandy,3,28,audio,nan,,nan,,,-20.0,2724.621838999912,srt
008,30,f,vandy,3,29,visual,nan,,nan,,,-20.0,2725.85838599992,srt
008,30,f,vandy,3,30,audio,nan,,nan,,,-20.0,2728.688585900003,srt
008,30,f,vandy,3,31,audiovisual,nan,,nan,,,-20.0,2731.762557500042,srt
008,30,f,vandy,3,32,audio,nan,,nan,,,-20.0,2733.3840844999067,srt
008,30,f,vandy,3,33,audio,nan,,nan,,,-20.0,2736.3603380999994,srt
008,30,f,vandy,3,34,audiovisual,nan,,nan,,,-20.0,2737.5522459999193,srt
008,30,f,vandy,3,35,audiovisual,nan,,nan,,,-20.0,2739.599865499884,srt
008,30,f,vandy,3,36,visual,nan,,nan,,,-20.0,2742.2146417999174,srt
008,30,f,vandy,3,37,visual,nan,,nan,,,-20.0,2744.135561199859,srt
008,30,f,vandy,3,38,visual,nan,,nan,,,-20.0,2746.283919499954,srt
008,30,f,vandy,3,39,audio,nan,,nan,,,-20.0,2748.1363013000228,srt
008,30,f,vandy,3,40,audio,nan,,nan,,,-20.0,2750.7896187999286,srt
008,30,f,vandy,3,41,audiovisual,nan,,nan,,,-20.0,2752.840692299884,srt
008,30,f,vandy,3,42,audio,nan,,nan,,,-20.0,2754.232322299853,srt
008,30,f,vandy,3,43,audio,nan,,nan,,,-20.0,2756.0190479999874,srt
008,30,f,vandy,3,44,visual,nan,,nan,,,-20.0,2757.8591225000564,srt
008,30,f,vandy,3,45,audio,nan,,nan,,,-20.0,2759.421640299959,srt
008,30,f,vandy,3,46,audio,nan,,nan,,,-20.0,2762.1803001998924,srt
008,30,f,vandy,3,47,visual,nan,,nan,,,-20.0,2763.8018123998772,srt
008,30,f,vandy,3,48,audiovisual,nan,,nan,,,-20.0,2765.39620009996,srt
008,30,f,vandy,3,49,audio,nan,,nan,,,-20.0,2767.027439299971,srt
008,30,f,vandy,3,50,audiovisual,nan,,nan,,,-20.0,2769.7507431998383,srt
008,30,f,vandy,3,51,visual,nan,,nan,0.4364622998982668,0.4364622998982668,-20.0,2831.030407699989,srt
008,30,f,vandy,3,52,visual,nan,,nan,0.2935748999007046,0.2935748999007046,-20.0,2833.1675300998613,srt
008,30,f,vandy,3,53,audiovisual,nan,,nan,0.3197645000182092,0.2997645000182092,-20.0,2835.10275979992,srt
008,30,f,vandy,3,54,audiovisual,nan,,nan,0.25379360001534224,0.23379360001534225,-20.0,2836.8080619999673,srt
008,30,f,vandy,3,55,visual,nan,,nan,0.3338258999865502,0.3338258999865502,-20.0,2839.662739600055,srt
008,30,f,vandy,3,56,visual,nan,,nan,0.24222199991345406,0.24222199991345406,-20.0,2841.356684600003,srt
008,30,f,vandy,3,57,audio,nan,,nan,0.40043589984998107,0.38043589984998105,-20.0,2843.7466353999916,srt
008,30,f,vandy,3,58,visual,nan,,nan,0.26697529992088675,0.26697529992088675,-20.0,2846.171537199989,srt
008,30,f,vandy,3,59,visual,nan,,nan,0.2535059000365436,0.2535059000365436,-20.0,2847.637432199903,srt
008,30,f,vandy,3,60,visual,nan,,nan,0.2533992000389844,0.2533992000389844,-20.0,2850.3742819000036,srt
008,30,f,vandy,3,61,audio,nan,,nan,0.3195221000351012,0.29952210003510116,-20.0,2852.0416572999675,srt
008,30,f,vandy,3,62,audio,nan,,nan,0.21351010003127158,0.1935101000312716,-20.0,2854.6558121000417,srt
008,30,f,vandy,3,63,audiovisual,nan,,nan,0.22690090001560748,0.2069009000156075,-20.0,2856.2698697999585,srt
008,30,f,vandy,3,64,audio,nan,,nan,0.26708119991235435,0.24708119991235436,-20.0,2857.737314299913,srt
008,30,f,vandy,3,65,audio,nan,,nan,0.22684270003810525,0.20684270003810526,-20.0,2860.978261000011,srt
008,30,f,vandy,3,66,audiovisual,nan,,nan,0.22405279986560345,0.20405279986560346,-20.0,2862.9500209998805,srt
008,30,f,vandy,3,67,visual,nan,,nan,0.23997369990684092,0.23997369990684092,-20.0,2864.671150499955,srt
008,30,f,vandy,3,68,audiovisual,nan,,nan,0.2130135998595506,0.1930135998595506,-20.0,2867.6608406000305,srt
008,30,f,vandy,3,69,audio,nan,,nan,0.2666543999221176,0.2466543999221176,-20.0,2870.1138271000236,srt
008,30,f,vandy,3,70,audio,nan,,nan,,,-20.0,2873.1826440999284,srt
008,30,f,vandy,3,71,audio,nan,,nan,,,-20.0,2875.971692299936,srt
008,30,f,vandy,3,72,audiovisual,nan,,nan,,,-20.0,2877.2696911999956,srt
008,30,f,vandy,3,73,audiovisual,nan,,nan,,,-20.0,2879.851784700062,srt
008,30,f,vandy,3,74,visual,nan,,nan,,,-20.0,2881.545874600066,srt
008,30,f,vandy,3,75,audio,nan,,nan,,,-20.0,2884.051599700004,srt
008,30,f,vandy,3,76,visual,nan,,nan,,,-20.0,2885.9824751999695,srt
008,30,f,vandy,3,77,visual,nan,,nan,,,-20.0,2887.8007254998665,srt
008,30,f,vandy,3,78,audiovisual,nan,,nan,,,-20.0,2890.1754205999896,srt
008,30,f,vandy,3,79,audio,nan,,nan,,,-20.0,2893.0322489999235,srt
008,30,f,vandy,3,80,audiovisual,nan,,nan,,,-20.0,2895.7694001998752,srt
008,30,f,vandy,3,81,audiovisual,nan,,nan,,,-20.0,2898.8435599999502,srt
008,30,f,vandy,3,82,visual,nan,,nan,,,-20.0,2900.7790146998595,srt
008,30,f,vandy,3,83,visual,nan,,nan,,,-20.0,2902.1924930000678,srt
008,30,f,vandy,3,84,visual,nan,,nan,,,-20.0,2903.420102499891,srt
008,30,f,vandy,3,85,visual,nan,,nan,,,-20.0,2905.301118500065,srt
008,30,f,vandy,3,86,visual,nan,,nan,,,-20.0,2907.568671999965,srt
008,30,f,vandy,3,87,audiovisual,nan,,nan,,,-20.0,2910.314805999864,srt
008,30,f,vandy,3,88,audio,nan,,nan,,,-20.0,2911.9704704000615,srt
008,30,f,vandy,3,89,visual,nan,,nan,,,-20.0,2914.907543099951,srt
008,30,f,vandy,3,90,visual,nan,,nan,,,-20.0,2916.1973431999795,srt
008,30,f,vandy,3,91,audio,nan,,nan,,,-20.0,2919.026584799867,srt
008,30,f,vandy,3,92,audio,nan,,nan,,,-20.0,2921.471389299957,srt
008,30,f,vandy,3,93,audiovisual,nan,,nan,,,-20.0,2923.3790382998995,srt
008,30,f,vandy,3,94,audiovisual,nan,,nan,,,-20.0,2924.7742176998872,srt
008,30,f,vandy,3,95,audiovisual,nan,,nan,,,-20.0,2925.922268899856,srt
008,30,f,vandy,3,96,audiovisual,nan,,nan,,,-20.0,2927.4184443000704,srt
008,30,f,vandy,3,97,visual,nan,,nan,,,-20.0,2928.8583901000675,srt
008,30,f,vandy,3,98,visual,nan,,nan,,,-20.0,2931.0171423999127,srt
008,30,f,vandy,3,99,visual,nan,,nan,,,-20.0,2932.6715510999784,srt
008,30,f,vandy,3,100,visual,nan,,nan,,,-20.0,2933.96393099986,srt
008,30,f,vandy,3,101,visual,nan,,nan,0.4657817999832332,0.4657817999832332,-20.0,2996.0904806999024,srt
008,30,f,vandy,3,102,audiovisual,nan,,nan,0.293801800115034,0.27380180011503397,-20.0,2998.094434599858,srt
008,30,f,vandy,3,103,audiovisual,nan,,nan,0.2403078000061214,0.2203078000061214,-20.0,3000.761928800028,srt
008,30,f,vandy,3,104,visual,nan,,nan,0.2410645999480039,0.2410645999480039,-20.0,3002.4557350999676,srt
008,30,f,vandy,3,105,audio,nan,,nan,0.28022640012204647,0.26022640012204645,-20.0,3004.096673999913,srt
008,30,f,vandy,3,106,audio,nan,,nan,0.2405163999646902,0.22051639996469022,-20.0,3007.2957846999634,srt
008,30,f,vandy,3,107,visual,nan,,nan,0.2646282999776304,0.2646282999776304,-20.0,3009.4718237998895,srt
008,30,f,vandy,3,108,audiovisual,nan,,nan,0.2534274000208825,0.2334274000208825,-20.0,3011.8329638000578,srt
008,30,f,vandy,3,109,audiovisual,nan,,nan,0.21350890002213418,0.1935089000221342,-20.0,3013.1403617998585,srt
008,30,f,vandy,3,110,visual,nan,,nan,0.240161000052467,0.240161000052467,-20.0,3014.7814478999935,srt
008,30,f,vandy,3,111,audiovisual,nan,,nan,0.22648949990980327,0.20648949990980328,-20.0,3016.781967099989,srt
008,30,f,vandy,3,112,visual,nan,,nan,0.22661869996227324,0.22661869996227324,-20.0,3018.18170429999,srt
008,30,f,vandy,3,113,visual,nan,,nan,0.25312569993548095,0.25312569993548095,-20.0,3020.1293303000275,srt
008,30,f,vandy,3,114,visual,nan,,nan,0.2934339998755604,0.2934339998755604,-20.0,3022.5702056998853,srt
008,30,f,vandy,3,115,audiovisual,nan,,nan,0.24000629992224276,0.22000629992224277,-20.0,3025.86558829993,srt
008,30,f,vandy,3,116,audiovisual,nan,,nan,0.24036729987710714,0.22036729987710715,-20.0,3027.130476600025,srt
008,30,f,vandy,3,117,visual,nan,,nan,0.2674424999859184,0.2674424999859184,-20.0,3029.8782404998783,srt
008,30,f,vandy,3,118,visual,nan,,nan,0.26723950006999075,0.26723950006999075,-20.0,3031.759231499862,srt
008,30,f,vandy,3,119,audiovisual,nan,,nan,0.2668088998179883,0.2468088998179883,-20.0,3034.0412930999883,srt
008,30,f,vandy,3,120,visual,nan,,nan,0.2666033999994397,0.2666033999994397,-20.0,3037.0295754000545,srt
008,30,f,vandy,3,121,visual,nan,,nan,0.2534564998932183,0.2534564998932183,-20.0,3040.176861200016,srt
008,30,f,vandy,3,122,audiovisual,nan,,nan,0.23760530003346503,0.21760530003346504,-20.0,3041.9777774999384,srt
008,30,f,vandy,3,123,audiovisual,nan,,nan,0.21329640015028417,0.19329640015028418,-20.0,3044.0299795998726,srt
008,30,f,vandy,3,124,audiovisual,nan,,nan,0.2132607998792082,0.19326079987920822,-20.0,3045.6992786999326,srt
008,30,f,vandy,3,125,audio,nan,,nan,0.2537869999650866,0.2337869999650866,-20.0,3048.018828399945,srt
008,30,f,vandy,3,126,visual,nan,,nan,0.32034140010364354,0.32034140010364354,-20.0,3051.1655611998867,srt
008,30,f,vandy,3,127,audio,nan,,nan,0.2799112000502646,0.2599112000502646,-20.0,3053.1254264998715,srt
008,30,f,vandy,3,128,audiovisual,nan,,nan,0.22953790007159114,0.20953790007159115,-20.0,3056.169364699861,srt
008,30,f,vandy,3,129,audio,nan,,nan,0.2679711999371648,0.2479711999371648,-20.0,3058.946263199905,srt
008,30,f,vandy,3,130,audio,nan,,nan,0.24057739996351302,0.22057739996351303,-20.0,3061.9429619999137,srt
008,30,f,vandy,3,131,audio,nan,,nan,0.2797201999928802,0.2597201999928802,-20.0,3065.19820600003,srt
008,30,f,vandy,3,132,visual,nan,,nan,0.3200701999012381,0.3200701999012381,-20.0,3066.61194480001,srt
008,30,f,vandy,3,133,audio,nan,,nan,0.2787544000893831,0.2587544000893831,-20.0,3068.8404854000546,srt
008,30,f,vandy,3,134,audio,nan,,nan,0.21351430006325245,0.19351430006325246,-20.0,3071.4667394999415,srt
008,30,f,vandy,3,135,visual,nan,,nan,0.23868370009586215,0.23868370009586215,-20.0,3074.148317300016,srt
008,30,f,vandy,3,136,audio,nan,,nan,0.24241970013827085,0.22241970013827086,-20.0,3076.3503049998544,srt
008,30,f,vandy,3,137,visual,nan,,nan,0.2802240001037717,0.2802240001037717,-20.0,3078.245635099942,srt
008,30,f,vandy,3,138,audiovisual,nan,,nan,0.22781760012730956,0.20781760012730957,-20.0,3079.8172269000206,srt
008,30,f,vandy,3,139,audio,nan,,nan,0.2932164999656379,0.2732164999656379,-20.0,3081.5260670999996,srt
008,30,f,vandy,3,140,visual,nan,,nan,0.2919750001747161,0.2919750001747161,-20.0,3083.9923827999737,srt
008,30,f,vandy,3,141,visual,nan,,nan,0.29353260016068816,0.29353260016068816,-20.0,3085.7543740998954,srt
008,30,f,vandy,3,142,audiovisual,nan,,nan,0.24043059977702796,0.22043059977702797,-20.0,3088.7529068998992,srt
008,30,f,vandy,3,143,audiovisual,nan,,nan,0.2533251999411732,0.2333251999411732,-20.0,3090.38090749993,srt
008,30,f,vandy,3,144,visual,nan,,nan,0.28280379995703697,0.28280379995703697,-20.0,3093.5694486000575,srt
008,30,f,vandy,3,145,audiovisual,nan,,nan,0.2403673001099378,0.2203673001099378,-20.0,3095.626727799885,srt
008,30,f,vandy,3,146,audio,nan,,nan,0.2533202001359314,0.23332020013593138,-20.0,3097.531054900028,srt
008,30,f,vandy,3,147,audiovisual,nan,,nan,0.22729399986565113,0.20729399986565114,-20.0,3098.8651171000674,srt
008,30,f,vandy,3,148,audiovisual,nan,,nan,0.21344089997000992,0.19344089997000993,-20.0,3100.9053757998627,srt
008,30,f,vandy,3,149,audiovisual,nan,,nan,0.20021359995007515,0.18021359995007516,-20.0,3102.626175599871,srt
008,30,f,vandy,3,150,audio,nan,,nan,0.22651529987342656,0.20651529987342657,-20.0,3105.094207599992,srt
008,30,f,vandy,3,151,audio,nan,,nan,0.346319800009951,0.326319800009951,-20.0,3168.232731600059,srt
008,30,f,vandy,3,152,visual,nan,,nan,0.29330259980633855,0.29330259980633855,-20.0,3170.5294345000293,srt
008,30,f,vandy,3,153,visual,nan,,nan,0.2800743000116199,0.2800743000116199,-20.0,3173.557137900032,srt
008,30,f,vandy,3,154,audio,nan,,nan,0.2530267999973148,0.23302679999731482,-20.0,3175.839930099901,srt
008,30,f,vandy,3,155,audio,nan,,nan,0.2133814999833703,0.19338149998337031,-20.0,3177.3729689000174,srt
008,30,f,vandy,3,156,audio,nan,,nan,0.253187800059095,0.23318780005909504,-20.0,3180.2674387998413,srt
008,30,f,vandy,3,157,audio,nan,,nan,0.22543620015494525,0.20543620015494526,-20.0,3181.640635999851,srt
008,30,f,vandy,3,158,audio,nan,,nan,0.19980049994774163,0.17980049994774164,-20.0,3183.989037199877,srt
008,30,f,vandy,3,159,visual,nan,,nan,,,-20.0,3185.629297700012,srt
008,30,f,vandy,3,160,audiovisual,nan,,nan,,,-20.0,3188.1097965000663,srt
008,30,f,vandy,3,161,audiovisual,nan,,nan,,,-20.0,3189.806034799898,srt
008,30,f,vandy,3,162,audiovisual,nan,,nan,,,-20.0,3191.845482799923,srt
008,30,f,vandy,3,163,visual,nan,,nan,,,-20.0,3194.51346359984,srt
008,30,f,vandy,3,164,audio,nan,,nan,,,-20.0,3195.6713537999894,srt
008,30,f,vandy,3,165,audio,nan,,nan,,,-20.0,3198.640129999956,srt
008,30,f,vandy,3,166,visual,nan,,nan,,,-20.0,3200.1193722998723,srt
008,30,f,vandy,3,167,audiovisual,nan,,nan,,,-20.0,3202.342154499842,srt
008,30,f,vandy,3,168,audio,nan,,nan,,,-20.0,3204.555186699843,srt
008,30,f,vandy,3,169,visual,nan,,nan,,,-20.0,3206.6006878998596,srt
008,30,f,vandy,3,170,audiovisual,nan,,nan,,,-20.0,3207.7424832000397,srt
008,30,f,vandy,3,171,audio,nan,,nan,,,-20.0,3210.492511099903,srt
008,30,f,vandy,3,172,visual,nan,,nan,,,-20.0,3211.648631699849,srt
008,30,f,vandy,3,173,audiovisual,nan,,nan,,,-20.0,3213.078538700007,srt
008,30,f,vandy,3,174,visual,nan,,nan,,,-20.0,3214.5714153000154,srt
008,30,f,vandy,3,175,audio,nan,,nan,,,-20.0,3215.8804275,srt
008,30,f,vandy,3,176,visual,nan,,nan,,,-20.0,3217.058989000041,srt
008,30,f,vandy,3,177,audiovisual,nan,,nan,,,-20.0,3219.7068078999873,srt
008,30,f,vandy,3,178,audio,nan,,nan,,,-20.0,3222.783840500051,srt
008,30,f,vandy,3,179,audio,nan,,nan,,,-20.0,3225.1810393000487,srt
008,30,f,vandy,3,180,visual,nan,,nan,,,-20.0,3227.820260599954,srt
008,30,f,vandy,3,181,audio,nan,,nan,,,-20.0,3230.2061073000077,srt
008,30,f,vandy,3,182,audio,nan,,nan,,,-20.0,3232.9098638000432,srt
008,30,f,vandy,3,183,audio,nan,,nan,,,-20.0,3235.119890899863,srt
008,30,f,vandy,3,184,audiovisual,nan,,nan,,,-20.0,3236.459742499981,srt
008,30,f,vandy,3,185,audiovisual,nan,,nan,,,-20.0,3238.2346622999758,srt
008,30,f,vandy,3,186,audio,nan,,nan,,,-20.0,3241.2337324998807,srt
008,30,f,vandy,3,187,audiovisual,nan,,nan,,,-20.0,3242.8681773999706,srt
008,30,f,vandy,3,188,audio,nan,,nan,,,-20.0,3244.3301023000386,srt
008,30,f,vandy,3,189,visual,nan,,nan,,,-20.0,3247.350916599855,srt
008,30,f,vandy,3,190,visual,nan,,nan,,,-20.0,3249.518436699873,srt
008,30,f,vandy,3,191,audio,nan,,nan,,,-20.0,3252.491037099855,srt
008,30,f,vandy,3,192,audiovisual,nan,,nan,,,-20.0,3254.420263499953,srt
008,30,f,vandy,3,193,audiovisual,nan,,nan,,,-20.0,3255.9926140999887,srt
008,30,f,vandy,3,194,visual,nan,,nan,,,-20.0,3257.4098052000627,srt
008,30,f,vandy,3,195,audio,nan,,nan,,,-20.0,3259.295629499946,srt
008,30,f,vandy,3,196,visual,nan,,nan,,,-20.0,3260.5435380998533,srt
008,30,f,vandy,3,197,visual,nan,,nan,,,-20.0,3262.204828799935,srt
008,30,f,vandy,3,198,audiovisual,nan,,nan,,,-20.0,3264.71030889987,srt
008,30,f,vandy,3,199,audio,nan,,nan,,,-20.0,3266.8064300999977,srt
008,30,f,vandy,3,200,visual,nan,,nan,,,-20.0,3268.192699899897,srt
008,30,f,vandy,3,201,audio,nan,,nan,0.3904122000094503,0.3704122000094503,-20.0,3329.704750899924,srt
008,30,f,vandy,3,202,audiovisual,nan,,nan,0.24036099994555116,0.22036099994555117,-20.0,3331.126756799873,srt
008,30,f,vandy,3,203,audiovisual,nan,,nan,0.25357109983451664,0.23357109983451665,-20.0,3333.334821800003,srt
008,30,f,vandy,3,204,audiovisual,nan,,nan,0.2538169000763446,0.23381690007634462,-20.0,3334.9756046999246,srt
008,30,f,vandy,3,205,visual,nan,,nan,0.2670064999256283,0.2670064999256283,-20.0,3337.750858000014,srt
008,30,f,vandy,3,206,visual,nan,,nan,0.24083540006540716,0.24083540006540716,-20.0,3340.4304922998417,srt
008,30,f,vandy,3,207,visual,nan,,nan,0.22698490018956363,0.22698490018956363,-20.0,3342.9664654999506,srt
008,30,f,vandy,3,208,audiovisual,nan,,nan,0.21354790008626878,0.1935479000862688,-20.0,3345.3259439000394,srt
008,30,f,vandy,3,209,audiovisual,nan,,nan,0.2139488998800516,0.19394889988005162,-20.0,3347.6208226999734,srt
008,30,f,vandy,3,210,audiovisual,nan,,nan,0.22687889984808862,0.20687889984808863,-20.0,3349.7296424000524,srt
008,30,f,vandy,3,211,visual,nan,,nan,0.2671429000329226,0.2671429000329226,-20.0,3352.7806295999326,srt
008,30,f,vandy,3,212,audiovisual,nan,,nan,0.19977690000087023,0.17977690000087024,-20.0,3354.129352599848,srt
008,30,f,vandy,3,213,visual,nan,,nan,0.2775167999789119,0.2775167999789119,-20.0,3356.4913403999526,srt
008,30,f,vandy,3,214,visual,nan,,nan,0.25328520010225475,0.25328520010225475,-20.0,3358.224117500009,srt
008,30,f,vandy,3,215,audiovisual,nan,,nan,0.22669779998250306,0.20669779998250307,-20.0,3361.213454299839,srt
008,30,f,vandy,3,216,audiovisual,nan,,nan,0.21336699998937547,0.19336699998937548,-20.0,3363.0002742998768,srt
008,30,f,vandy,3,217,visual,nan,,nan,0.29690580000169575,0.29690580000169575,-20.0,3365.734518900048,srt
008,30,f,vandy,3,218,visual,nan,,nan,0.2530328999273479,0.2530328999273479,-20.0,3367.6054392999504,srt
008,30,f,vandy,3,219,audiovisual,nan,,nan,0.24117440008558333,0.22117440008558334,-20.0,3370.482470799936,srt
008,30,f,vandy,3,220,visual,nan,,nan,0.4800747998524457,0.4800747998524457,-20.0,3371.925437500002,srt
008,30,f,vandy,3,221,audio,nan,,nan,0.22662249999120831,0.20662249999120832,-20.0,3374.618311200058,srt
008,30,f,vandy,3,222,audiovisual,nan,,nan,0.21305690007284284,0.19305690007284285,-20.0,3376.551794299856,srt
008,30,f,vandy,3,223,visual,nan,,nan,0.24031550018116832,0.24031550018116832,-20.0,3378.2727930999827,srt
008,30,f,vandy,3,224,visual,nan,,nan,0.23996039992198348,0.23996039992198348,-20.0,3379.8468428999186,srt
008,30,f,vandy,3,225,audiovisual,nan,,nan,0.21567819989286363,0.19567819989286364,-20.0,3382.2879904999863,srt
008,30,f,vandy,3,226,audio,nan,,nan,0.28923550015315413,0.2692355001531541,-20.0,3385.105318099959,srt
008,30,f,vandy,3,227,audiovisual,nan,,nan,0.18671360006555915,0.16671360006555916,-20.0,3388.2894649000373,srt
008,30,f,vandy,3,228,audiovisual,nan,,nan,0.21376030007377267,0.19376030007377268,-20.0,3391.3971575000323,srt
008,30,f,vandy,3,229,audiovisual,nan,,nan,0.24088719999417663,0.22088719999417664,-20.0,3394.184077099897,srt
008,30,f,vandy,3,230,audiovisual,nan,,nan,,,-20.0,3396.0252716999967,srt
008,30,f,vandy,3,231,audio,nan,,nan,,,-20.0,3399.0393848000094,srt
008,30,f,vandy,3,232,audio,nan,,nan,,,-20.0,3400.939455699874,srt
008,30,f,vandy,3,233,visual,nan,,nan,,,-20.0,3403.899182499852,srt
008,30,f,vandy,3,234,audio,nan,,nan,,,-20.0,3405.0823792999145,srt
008,30,f,vandy,3,235,audio,nan,,nan,,,-20.0,3407.8823339999653,srt
008,30,f,vandy,3,236,audiovisual,nan,,nan,,,-20.0,3409.171181899961,srt
008,30,f,vandy,3,237,audio,nan,,nan,,,-20.0,3410.3643708999734,srt
008,30,f,vandy,3,238,audiovisual,nan,,nan,,,-20.0,3412.798291399842,srt
008,30,f,vandy,3,239,audio,nan,,nan,,,-20.0,3415.2722801000345,srt
008,30,f,vandy,3,240,visual,nan,,nan,,,-20.0,3417.845996499993,srt
008,30,f,vandy,3,241,visual,nan,,nan,,,-20.0,3420.847231199965,srt
008,30,f,vandy,3,242,visual,nan,,nan,,,-20.0,3422.9807018998545,srt
008,30,f,vandy,3,243,audio,nan,,nan,,,-20.0,3425.727633500006,srt
008,30,f,vandy,3,244,audio,nan,,nan,,,-20.0,3427.851010599872,srt
008,30,f,vandy,3,245,audiovisual,nan,,nan,,,-20.0,3430.4734765000176,srt
008,30,f,vandy,3,246,audiovisual,nan,,nan,,,-20.0,3432.237336399965,srt
008,30,f,vandy,3,247,visual,nan,,nan,,,-20.0,3434.226033099927,srt
008,30,f,vandy,3,248,audiovisual,nan,,nan,,,-20.0,3437.290976600023,srt
008,30,f,vandy,3,249,visual,nan,,nan,,,-20.0,3440.148641299922,srt
008,30,f,vandy,3,250,audio,nan,,nan,,,-20.0,3441.44385479996,srt
008,30,f,vandy,3,251,audio,nan,,nan,0.3871186999604106,0.3671186999604106,-20.0,3504.367870299844,srt
008,30,f,vandy,3,252,visual,nan,,nan,0.3737162998877466,0.3737162998877466,-20.0,3507.3572354998905,srt
008,30,f,vandy,3,253,audio,nan,,nan,0.26697389991022646,0.24697389991022647,-20.0,3509.8253971000668,srt
008,30,f,vandy,3,254,visual,nan,,nan,0.25368460011668503,0.25368460011668503,-20.0,3512.560254300013,srt
008,30,f,vandy,3,255,audiovisual,nan,,nan,0.200183599954471,0.180183599954471,-20.0,3514.3743914000224,srt
008,30,f,vandy,3,256,audio,nan,,nan,0.2123644999228418,0.1923644999228418,-20.0,3516.988297800068,srt
008,30,f,vandy,3,257,audiovisual,nan,,nan,0.22381100011989474,0.20381100011989475,-20.0,3520.19146370003,srt
008,30,f,vandy,3,258,audio,nan,,nan,0.2800157000310719,0.2600157000310719,-20.0,3523.218822799856,srt
008,30,f,vandy,3,259,audio,nan,,nan,0.2399760999251157,0.21997609992511571,-20.0,3525.5663314000703,srt
008,30,f,vandy,3,260,audio,nan,,nan,0.26645569992251694,0.24645569992251695,-20.0,3527.2202254000586,srt
008,30,f,vandy,3,261,audiovisual,nan,,nan,0.22670289990492165,0.20670289990492166,-20.0,3529.7675673998892,srt
008,30,f,vandy,3,262,visual,nan,,nan,0.25254659983329475,0.25254659983329475,-20.0,3531.18164049997,srt
008,30,f,vandy,3,263,audiovisual,nan,,nan,0.2137937000952661,0.1937937000952661,-20.0,3534.0491231998894,srt
008,30,f,vandy,3,264,visual,nan,,nan,0.46724469983018935,0.46724469983018935,-20.0,3537.2210762000177,srt
008,30,f,vandy,3,265,audio,nan,,nan,0.31997009995393455,0.29997009995393453,-20.0,3538.8898642000277,srt
008,30,f,vandy,3,266,audiovisual,nan,,nan,0.22713429993018508,0.2071342999301851,-20.0,3541.6649637999944,srt
008,30,f,vandy,3,267,audiovisual,nan,,nan,0.21514629991725087,0.19514629991725088,-20.0,3544.464860700071,srt
008,30,f,vandy,3,268,audio,nan,,nan,0.22904110001400113,0.20904110001400114,-20.0,3547.161355599994,srt
008,30,f,vandy,3,269,audiovisual,nan,,nan,0.2265004999935627,0.2065004999935627,-20.0,3549.845087100053,srt
008,30,f,vandy,3,270,audiovisual,nan,,nan,0.21368309995159507,0.19368309995159508,-20.0,3551.481485700002,srt
008,30,f,vandy,3,271,audiovisual,nan,,nan,0.1872540998738259,0.16725409987382592,-20.0,3554.4946540000383,srt
008,30,f,vandy,3,272,visual,nan,,nan,0.39991110004484653,0.39991110004484653,-20.0,3557.416424700059,srt
008,30,f,vandy,3,273,audio,nan,,nan,0.26642100000754,0.24642100000754,-20.0,3559.2310526999645,srt
008,30,f,vandy,3,274,audiovisual,nan,,nan,0.2400366000365466,0.2200366000365466,-20.0,3562.1518647000194,srt
008,30,f,vandy,3,275,audiovisual,nan,,nan,0.25323780020698905,0.23323780020698906,-20.0,3564.794097899925,srt
008,30,f,vandy,3,276,visual,nan,,nan,0.29335969989188015,0.29335969989188015,-20.0,3567.5674950999673,srt
008,30,f,vandy,3,277,audio,nan,,nan,0.24097059993073344,0.22097059993073345,-20.0,3569.4516622000374,srt
008,30,f,vandy,3,278,audio,nan,,nan,0.2536128000356257,0.2336128000356257,-20.0,3572.304039699957,srt
008,30,f,vandy,3,279,audio,nan,,nan,0.28038969985209405,0.26038969985209404,-20.0,3574.382610899862,srt
008,30,f,vandy,3,280,audiovisual,nan,,nan,0.22709370008669794,0.20709370008669795,-20.0,3576.0230512998533,srt
008,30,f,vandy,3,281,audio,nan,,nan,0.26487149996683,0.24487149996683003,-20.0,3578.0126668999437,srt
008,30,f,vandy,3,282,audio,nan,,nan,0.22651810012757778,0.2065181001275778,-20.0,3580.225686499849,srt
008,30,f,vandy,3,283,visual,nan,,nan,0.24027769989334047,0.24027769989334047,-20.0,3582.3736210998613,srt
008,30,f,vandy,3,284,audio,nan,,nan,0.3737441000994295,0.35374410009942947,-20.0,3585.0394669000525,srt
008,30,f,vandy,3,285,audio,nan,,nan,0.2665468000341207,0.2465468000341207,-20.0,3587.4280556000303,srt
008,30,f,vandy,3,286,audiovisual,nan,,nan,0.23653220012784004,0.21653220012784005,-20.0,3589.9094912,srt
008,30,f,vandy,3,287,audiovisual,nan,,nan,0.26709510013461113,0.24709510013461114,-20.0,3591.736354300054,srt
008,30,f,vandy,3,288,audiovisual,nan,,nan,0.2266257000155747,0.2066257000155747,-20.0,3593.2980938998517,srt
008,30,f,vandy,3,289,audio,nan,,nan,0.23984110006131232,0.21984110006131233,-20.0,3595.990916499868,srt
008,30,f,vandy,3,290,audio,nan,,nan,0.25279599986970425,0.23279599986970426,-20.0,3597.605613599997,srt
008,30,f,vandy,3,291,audio,nan,,nan,0.2669617000501603,0.2469617000501603,-20.0,3599.1259222999215,srt
008,30,f,vandy,3,292,audio,nan,,nan,0.22646920010447502,0.20646920010447503,-20.0,3602.3801398000214,srt
008,30,f,vandy,3,293,audio,nan,,nan,0.22834979998879135,0.20834979998879136,-20.0,3604.2625622998457,srt
008,30,f,vandy,3,294,visual,nan,,nan,0.4409268000163138,0.4409268000163138,-20.0,3606.7046663998626,srt
008,30,f,vandy,3,295,visual,nan,,nan,0.4132850000169128,0.4132850000169128,-20.0,3608.7041633999906,srt
008,30,f,vandy,3,296,visual,nan,,nan,0.2797597001772374,0.2797597001772374,-20.0,3610.929193899967,srt
008,30,f,vandy,3,297,audiovisual,nan,,nan,0.23990669986233115,0.21990669986233116,-20.0,3612.8645935000386,srt
008,30,f,vandy,3,298,audiovisual,nan,,nan,0.2655298998579383,0.2455298998579383,-20.0,3615.211801300058,srt
008,30,f,vandy,3,299,visual,nan,,nan,0.26402839994989336,0.26402839994989336,-20.0,3616.6646157999057,srt
008,30,f,vandy,3,300,audio,nan,,nan,0.3597023000475019,0.3397023000475019,-20.0,3618.6930974000134,srt
